คำที่ลูกค้าพิมพ์,ชื่อมาตรฐานในระบบ,หน่วยมาตรฐาน,,ชื่อสินค้าอัพเดท 05/06/69
"กวางตุ้งใบ, กวางตุ้งนอก, taiwan bok choy, taiwan bok choi",กวางตุ้งไต้หวัน | TAIWAN BOK CHOY,"กก, กรัม, Kg, g., kg, กิโล, กิโลกรัม, โล",,กวางตุ้งไต้หวัน | TAIWAN BOK CHOY
"เบบี้ฮ่องเต้, baby taiwan, baby taiwan bok choy, baby taiwan bok choi",เบบี้ฮ่องเต้ | BABY TAIWAN BOK CHOY,"กก, กรัม, Kg, g., kg, กิโล, กิโลกรัม, โล",,เบบี้ฮ่องเต้ | BABY TAIWAN BOK CHOY
"กวางตุ้งใบ, กวางตุ้งไทย, ตุ้งไทย, thai bok choy, thai bok choi",กวางตุ้งไทย | THAI BOK CHOY,"กก, กรัม, Kg, g., kg, กิโล, กิโลกรัม, โล",,กวางตุ้งไทย | THAI BOK CHOY
กะหล่ำดาว,กะหล่ำดาว | BRUSSELS SPROUT,"กก, กรัม, Kg, g., kg, กิโล, กิโลกรัม, โล",,กะหล่ำดาว | BRUSSELS SPROUT
"กะหล่ำปลี, ปลีแบน, กะหล่ำแบน, กะหลำปลี, กระหล่ำปลี, กะหล่ำปลีแบน, cabbage",กะหล่ำปลีแบน | CABBAGE,"กก, กรัม, Kg, g., kg, ลูก, หัว, ชิ้น,  กิโล, กิโลกรัม, โล",,กะหล่ำปลีแบน | CABBAGE
"กะหล่ำปลีม่วง, กะหล่ำม่วง, กระหล่ำม่วง, red cabbage",กะหล่ำปลีม่วง | RED CABBAGE,"กก, กรัม, Kg, g., kg, ลูก, หัว, ชิ้น,  กิโล, กิโลกรัม, โล",,กะหล่ำปลีม่วง | RED CABBAGE
กะหล่ำหัวใจ,กะหล่ำปลีหัวใจ | POINTED CABBAGE,"กก, กรัม, Kg, g., kg, กิโล, กิโลกรัม, โล",,กะหล่ำปลีหัวใจ | POINTED CABBAGE
"กุยช่าย, chives, ใบกุ่ยช่าย, ใบกุยช่าย",กุยช่าย | CHIVES LEAVES,"กก, กรัม, Kg, g., kg, กิโล, กิโลกรัม, โล",,กุยช่าย | CHIVES LEAVES
"กุยช่ายขาว, ช่ายขาว กุยขาว, ใบกุยช่ายขาว, white chives",กุยช่ายขาว | WHITE CHIVES LEAVES,"กก, กรัม, Kg, g., kg, กิโล, กิโลกรัม, โล",,กุยช่ายขาว | WHITE CHIVES LEAVES
"ฉ่อยเบบี้, เบบี้ฉ่อย, เบบี้บ็อคฉ่อย, baby bokchoy, เบเบี้บล็อกฉ่อย",เบบี้ฉ่อย | BABY BOK CHOY,"กก, กรัม, Kg, g., kg, กิโล, กิโลกรัม, โล",,เบบี้ฉ่อย | BABY BOK CHOY
"บ็อคฉ่อย, บล็อคฉ่อย, บล็อคช่อย, bok choy, bok choi",บล็อคฉ่อย | BOK CHOY,"กก, กรัม, Kg, g., kg, กิโล, กิโลกรัม, โล",,บล็อคฉ่อย | BOK CHOY
"คะน้า,",คะน้า | CHINESE KALE,"กก, กรัม, Kg, g., kg, กิโล, กิโลกรัม, โล",,คะน้า | CHINESE KALE
"เบบี้คะน้า, ฮ่องกงเบบี้, เบบี้ฮ่องกง, เบบี้คะน้าฮ่องกง, baby kana",เบบี้คะน้าฮ่องกง | BABY HONG KONG KALE,"กก, กรัม, Kg, g., kg, กิโล, กิโลกรัม, โล",,เบบี้คะน้าฮ่องกง | BABY HONG KONG KALE
"คะน้าฮ่องกง, น้าฮ่องกง",คะน้าฮ่องกง | HONG KONG KALE Thailand,"กก, กรัม, Kg, g., kg, กิโล, กิโลกรัม, โล",,คะน้าฮ่องกง | HONG KONG KALE Thailand
"คื่นฉ่าย, ขึ้นฉ่าย, คื่นช่าย, คื่นไช่",คื่นฉ่าย | CHINESE CELERY (THAI CELERY),"กก, กรัม, Kg, g., kg, กิโล, กิโลกรัม, โล",,คื่นฉ่าย | CHINESE CELERY (THAI CELERY)
ชะอม,ชะอม คัดตัดแต่ง | CLIMBING WATTLE,"กก, กรัม, Kg, g., kg, กิโล, กิโลกรัม, โล",,ชะอม คัดตัดแต่ง | CLIMBING WATTLE
"ชะพลู, ใบชะพลู",ชะพลู | PIPER SARMENTOSUM,"กก, กรัม, Kg, g., kg, กิโล, กิโลกรัม, โล",,ชะพลู | PIPER SARMENTOSUM
"เซอราลี่, เซอลาลี่. เซลลาลี่, เซเลอรี่, เซลาลี่, Celery",เซอราลี่ | CELERY,"กก, กรัม, Kg, g., kg, กิโล, กิโลกรัม, โล",,เซอราลี่ | CELERY
"ดอกกะหล่ำขาว, ดอกระหล่ำขาว, ดอกกะหล่ำ, ดอกกะหล่ำขาวนอก, กะหล่ำขาวจีน, กะหล่ำขาว, ดอกกระหล่ำขาว, ดอกกระหล่ำขาว, ดอกกระหล่ำ, ดอกกระหล่ำขาวนอก, กระหล่ำขาวจีน, กระหล่ำขาว, white cauliflower",ดอกกะหล่ำขาว | WHITE CAULIFLOWER ,"กก, กรัม, Kg, g., kg, ลูก, หัว, ชิ้น,  กิโล, กิโลกรัม, โล",,ดอกกะหล่ำขาว | WHITE CAULIFLOWER
"ดอกกะหล่ำขาวไทย, ดอกกะหล่ำขาวไทย, กะหล่ำขาวไทย, ดอกกระหล่ำขาวไทย, กระหล่ำขาวไทย, Thai white cauliflower, white cauliflower thai, white cauliflower thailand",ดอกกะหล่ำขาว ไทย | WHITE CAULIFLOWER Thailand,"กก, กรัม, Kg, g., kg, ลูก, หัว, ชิ้น,  กิโล, กิโลกรัม, โล",,ดอกกะหล่ำขาว ไทย | WHITE CAULIFLOWER Thailand
"ผักกาดแด้ว, ผักกาดแก้ว, iceberg lettuce",ผักกาดแก้ว | ICEBERG LETTUCE,"กก, กรัม, Kg, g., kg, ลูก, หัว, ชิ้น,  กิโล, กิโลกรัม, โล",,ผักกาดแก้ว | ICEBERG LETTUCE
"ผักกาดขาว, ผักกาดขาว ลุ้ย, ผักกาด, ลุ้ย, chinese cabbage",ผักกาดขาว | CHINESE CABBAGE,"กก, กรัม, Kg, g., kg, ลูก, หัว, ชิ้น,  กิโล, กิโลกรัม, โล",,ผักกาดขาว | CHINESE CABBAGE
"ผักกาดสร้อย, ผักกาดหิ่น",ผักกาดสร้อย (ผักกาดหิ่น) | MUSTARD GREENS,"กก, กรัม, Kg, g., kg, กิโล, กิโลกรัม, โล",,ผักกาดสร้อย (ผักกาดหิ่น) | MUSTARD GREENS
"ผักกาดหอมจีน, ผักกาดหอม จีน",ผักกาดหอมจีน | CHINESE LETTUCE,"กก, กรัม, Kg, g., kg, กิโล, กิโลกรัม, โล",,ผักกาดหอมจีน | CHINESE LETTUCE
"ผักกาดหอมไทย, ผักกาดหอม",ผักกาดหอมไทย | THAI LETTUCE,"กก, กรัม, Kg, g., kg, กิโล, กิโลกรัม, โล",,ผักกาดหอมไทย | THAI LETTUCE
"ผักก้านจอง, ก้านจอง",ผักก้านจอง | LIMNOCHARIS FLAVA,"กก, กรัม, Kg, g., kg, กิโล, กิโลกรัม, โล",,ผักก้านจอง | LIMNOCHARIS FLAVA
"คะน้าใบหยิก, Kale, เคล",ผักคะน้าใบหยิก | KALE,"กก, กรัม, Kg, g., kg, กิโล, กิโลกรัม, โล",,ผักคะน้าใบหยิก | KALE
ผักแขยง,ผักแขยง | RICE PADDY HERB,"กก, กรัม, Kg, g., kg, กิโล, กิโลกรัม, โล",,ผักแขยง | RICE PADDY HERB
"ผักแพว, ผักแพรว, แพว",ผักแพว | VIETNAMESE CORIANDER,"กก, กรัม, Kg, g., kg, กิโล, กิโลกรัม, โล",,ผักแพว | VIETNAMESE CORIANDER
ผักปล้ง,ผักปลัง | CEYLON SPINACH,"กก, กรัม, Kg, g., kg, กิโล, กิโลกรัม, โล",,ผักปลัง | CEYLON SPINACH
"ผักบุ้งจีน, ผักบุ้ง, chinese morning glory",ผักบุ้งจีน | CHINESE MORNING GLORY,"กก, กรัม, Kg, g., kg, กิโล, กิโลกรัม, โล",,ผักบุ้งจีน | CHINESE MORNING GLORY
"ผักบุ้งไทย, thai morning glory",ผักบุ้งไทย | THAI MORNING GLORY,"กก, กรัม, Kg, g., kg, กิโล, กิโลกรัม, โล",,ผักบุ้งไทย | THAI MORNING GLORY
ผักบุ้งแดงไทย,ผักบุ้งแดงไทย | RED THAI MORNING GLORY,"กก, กรัม, Kg, g., kg, กิโล, กิโลกรัม, โล",,ผักบุ้งแดงไทย | RED THAI MORNING GLORY
"ผักวานบ้าน, ผักหวานบ้าน, หวานบ้าน",ผักหวานบ้าน | BREYNIA ANDROGYNA,"กก, กรัม, Kg, g., kg, กิโล, กิโลกรัม, โล",,ผักหวานบ้าน | BREYNIA ANDROGYNA
"ผักชี, ผักชีไทย, coriander, thai coriander",ผักชี | CORIANDER,"กก, กรัม, Kg, g., kg, กิโล, กิโลกรัม, โล",,ผักชี | CORIANDER
"ผักชีฝรั่ง, culantro",ผักชีฝรั่ง | CULANTRO,"กก, กรัม, Kg, g., kg, กิโล, กิโลกรัม, โล",,ผักชีฝรั่ง | CULANTRO
"ผักชีลาว, Dill",ผักชีลาว | DILL,"กก, กรัม, Kg, g., kg, กิโล, กิโลกรัม, โล",,ผักชีลาว | DILL
"พาสลีย์, พาสลี, พาสเลย์, parsley",พาสลีย์ | PARSLEY,"กก, กรัม, Kg, g., kg, กิโล, กิโลกรัม, โล",,พาสลีย์ | PARSLEY
"ยอดคะน้า, คะน้ายอด",ยอดคะน้า | YOUNG CHINESE KALE,"กก, กรัม, Kg, g., kg, กิโล, กิโลกรัม, โล",,ยอดคะน้า | YOUNG CHINESE KALE
ยอดคะน้าฮ่องกง,ยอดคะน้าฮ่องกง | YOUNG HONGKONG KALE,"กก, กรัม, Kg, g., kg, กิโล, กิโลกรัม, โล",,ยอดคะน้าฮ่องกง | YOUNG HONGKONG KALE
"ยอดฟักแม้ว, ยอดฝักแมว, ยอดฟักแมว",ยอดฟักแม้ว | MEOW GOURD SHOOTS,"กก, กรัม, Kg, g., kg, กิโล, กิโลกรัม, โล",,ยอดฟักแม้ว | MEOW GOURD SHOOTS
"ใบกะเพรา, ใบกระเพรา, กระเพราใบ, กะเพราใบ, กระเพราะใบ, กะเพรา, holy basil",ใบกะเพรา | HOLY BASIL,"กก, กรัม, Kg, g., kg, กิโล, กิโลกรัม, โล",,ใบกะเพรา | HOLY BASIL
"ใบกะเพราเด็ด, ใบกระเพราเด็ด, กระเพราใบ เด็ด, กระเพราใบเด็ด, กระเพราะใบเด็ด",ใบกะเพราเด็ด | HOLY BASIL (RT),"กก, กรัม, Kg, g., kg, กิโล, กิโลกรัม, โล",,ใบกะเพราเด็ด | HOLY BASIL (RT)
"ใบกะเพราแดง, ใบกระเพราแดง, กระเพราแดงใบ, กะเพราแดงใบ, red holy basil",ใบกะเพราแดง | RED HOLY BASIL,"กก, กรัม, Kg, g., kg, กิโล, กิโลกรัม, โล",,ใบกะเพราแดง | RED HOLY BASIL
"ใบชะมวง, ใบชะม่วง",ใบชะมวง | CHAMUANG LEAVES,"กก, กรัม, Kg, g., kg, กิโล, กิโลกรัม, โล",,ใบชะมวง | CHAMUANG LEAVES
"ใบตองตานี, banana leaves",ใบตองตานี | BANANA LEAVES,"กก, กรัม, Kg, g., kg, กิโล, กิโลกรัม, โล",,ใบตองตานี | BANANA LEAVES
ใบบัวบก,ใบบัวบก | CENTELLA ASIATICA,"กก, กรัม, Kg, g., kg, กิโล, กิโลกรัม, โล",,ใบบัวบก | CENTELLA ASIATICA
"ใบโหระพา, โหละพา, โหระพา, sweet basil",ใบโหระพา | SWEET BASIL,"กก, กรัม, Kg, g., kg, กิโล, กิโลกรัม, โล",,ใบโหระพา | SWEET BASIL
"ใบเตย, pandan leaf",ใบเตย | PANDAN LEAF,"กก, กรัม, Kg, g., kg, กิโล, กิโลกรัม, โล",,ใบเตย | PANDAN LEAF
ฟักเขียวแก่,ฟักเขียวแก่ | OLD WAX GOURD,"กก, กรัม, Kg, g., kg, กิโล, กิโลกรัม, โล",,ฟักเขียวแก่ | OLD WAX GOURD
ฟักเขียว,ฟักเขียว | WAX GOURD,"กก, กรัม, Kg, g., kg, กิโล, กิโลกรัม, โล",,ฟักเขียว | WAX GOURD
ใบแมงลัก,ใบแมงลัก | HAIRY BASIL,"กก, กรัม, Kg, g., kg, กิโล, กิโลกรัม, โล",,ใบแมงลัก | HAIRY BASIL
"บล็อคโคลี่, บล็อกโคลี, บ็อกโคลี่, บล็อกโคนี่, บล็อกโคลี่, ผักบล็อกโคลี่,บลอคโคลี่, broccoli",บล็อคโคลี่ | BROCCOLI,"กก, กรัม, Kg, g., kg, กิโล, กิโลกรัม, โล",,บล็อคโคลี่ | BROCCOLI
"บล็อคโคลีนี่, โคลีนี่, บล็อกโคลีนี่, broccolini",บล็อคโคลีนี่ | BROCOOLINI,"กก, กรัม, Kg, g., kg, กิโล, กิโลกรัม, โล",,บล็อคโคลีนี่ | BROCOOLINI
"เบบี้บ๊อกโคลี่, เบบี้บล็อคโคลี่, เบบี้บ็อคโคลรี่, บล๊อคโคลินี, Baby บล้อคโคนี่, เบบี้บลอคโคลี่, baby broccoli",เบบี้บ็อกโคลี่ | BABY BROCCOLI,"กก, กรัม, Kg, g., kg, กิโล, กิโลกรัม, โล",,เบบี้บ็อกโคลี่ | BABY BROCCOLI
"อิตาเลี่ยนเบซิล, โหระพาอิตาเลี่ยน, โหระพาอิตาลี่, Italian Basil, italian basil, โหระพาอิตาเลียน",อิตาเลี่ยนเบซิล | ITALIAN BASIL,"กก, กรัม, Kg, g., kg, กิโล, กิโลกรัม, โล",,อิตาเลี่ยนเบซิล | ITALIAN BASIL
"อิตาเลียนพาสลีย์, อิตาเลียนพาสลี่ใบแบน, อิตาเลี่ยนพาสลีย์, Italian parsley, อิตาเลี่ยนพาสเลย์, อิตาเลี่ยนพาสเลย์.",อิตาเลียนพาสลีย์ | ITALIAN PARSLEY,"กก, กรัม, Kg, g., kg, กิโล, กิโลกรัม, โล",,อิตาเลียนพาสลีย์ | ITALIAN PARSLEY
"กรีนโอ๊ค, กรีนโอ๊ก, green oak",กรีนโอ๊ค | GREEN OAK,"กก, กรัม, Kg, g., kg, กิโล, กิโลกรัม, โล",,กรีนโอ๊ค | GREEN OAK
"กรีนโอ๊คตัดราก, กรีนโอ๊กตัดราก, green oak cr",กรีนโอ๊ค (ตัดราก) | GREEN OAK CR,"กก, กรัม, Kg, g., kg, กิโล, กิโลกรัม, โล",,กรีนโอ๊ค (ตัดราก) | GREEN OAK CR
"บัตเตอร์เฮด, บัตเอตอร์เฮด, butterhead",บัตเตอร์เฮด | BUTTERHEAD LETTUCE,"กก, กรัม, Kg, g., kg, กิโล, กิโลกรัม, โล",,บัตเตอร์เฮด | BUTTERHEAD LETTUCE
"บัตเตอร์เฮดตัดราก, บัตเอตอร์เฮดตัดราก, butterhead cr",บัตเตอร์เฮด (ตัดราก) | BUTTERHEAD LETTUCE CR,"กก, กรัม, Kg, g., kg, กิโล, กิโลกรัม, โล",,บัตเตอร์เฮด (ตัดราก) | BUTTERHEAD LETTUCE CR
"ฟิลเลย์ไอซ์เบิร์ค, ฟิลเลไอเบิร์ก, ฟิลเล, fillet iceberg, filler ice",ฟิลเลย์ไอซ์เบิร์ค | FILLET ICEBERG,"กก, กรัม, Kg, g., kg, กิโล, กิโลกรัม, โล",,ฟิลเลย์ไอซ์เบิร์ค | FILLET ICEBERG
"ฟิลเลย์ไอซ์เบิร์คตัดราก, ฟิลเลไอเบิร์กตักราก, ฟิลเล ตัดราก, ฟิลเลย์ไอซ์เบิร์กตัดราก,  fillet iceberg cr, filler ice cr",ฟิลเลย์ไอซ์เบิร์ค (ตัดราก) | FILLET ICEBERG CR,"กก, กรัม, Kg, g., kg, กิโล, กิโลกรัม, โล",,ฟิลเลย์ไอซ์เบิร์ค (ตัดราก) | FILLET ICEBERG CR
"มิซูน่า, mizuna",มิซูน่า | MIZUNA,"กก, กรัม, Kg, g., kg, กิโล, กิโลกรัม, โล",,มิซูน่า | MIZUNA
"ร็อกเก็ต, ร็อคเก็ต, Rocket",ร็อกเก็ต | ROCKET (ARUGULA),"กก, กรัม, Kg, g., kg, กิโล, กิโลกรัม, โล",,ร็อกเก็ต | ROCKET (ARUGULA)
"เรดคอรัล, เดรคอรัล, red coral, เรดโครอต",เรดคอรัล | RED CORAL,"กก, กรัม, Kg, g., kg, กิโล, กิโลกรัม, โล",,เรดคอรัล | RED CORAL
"เรดคอรัลตัดราก, เดรคอรัลตัดราก, red coral cr",เรดคอรัล (ตัดราก) | RED CORAL CR,"กก, กรัม, Kg, g., kg, กิโล, กิโลกรัม, โล",,เรดคอรัล (ตัดราก) | RED CORAL CR
"เรดโอ๊ก, เรดโอ๊ค, red oak",เรดโอ๊ค | RED OAK,"กก, กรัม, Kg, g., kg, กิโล, กิโลกรัม, โล",,เรดโอ๊ค | RED OAK
"เรดโอ๊กตัดราก, เรดโอ๊คตัดราก, เรดโอ๊ก (ตัดราก), เรดโอ๊ค (ตัดราก), red oak cr",เรดโอ๊ค (ตัดราก) | RED OAK CR,"กก, กรัม, Kg, g., kg, กิโล, กิโลกรัม, โล",,เรดโอ๊ค (ตัดราก) | RED OAK CR
"กรีนคอรัล, กรีนคอรอล, green coral",กรีนคอรัล | GREEN CORAL,"กก, กรัม, Kg, g., kg, กิโล, กิโลกรัม, โล",,กรีนคอรัล | GREEN CORAL
"กรีนคอรัลตัดราก, กรีนคอรอลตัดราก, green coral cr",กรีนคอรัล (ตัดราก) | GREEN CORAL CR,"กก, กรัม, Kg, g., kg, กิโล, กิโลกรัม, โล",,กรีนคอรัล (ตัดราก) | GREEN CORAL CR
"เบบี้คอส, Baby cos, Baby cross",เบบี้คอส | BABY COS LETTUCE,"กก, กรัม, Kg, g., kg, กิโล, กิโลกรัม, โล",,เบบี้คอส | BABY COS LETTUCE
"สลัดคอส, ผักคอส, คอส, cos",สลัดคอส | COS LETTUCE,"กก, กรัม, Kg, g., kg, กิโล, กิโลกรัม, โล",,สลัดคอส | COS LETTUCE
"สลัดรวม, mixed salad",สลัดรวม | MIXED SALAD,"กก, กรัม, Kg, g., kg, กิโล, กิโลกรัม, โล",,สลัดรวม | MIXED SALAD
"ไวลด์ร็อกเก็ต, ไวร็อกเก็ต, wild rocket",ไวลด์ร็อกเก็ต | WILD ROCKET ,"กก, กรัม, Kg, g., kg, กิโล, กิโลกรัม, โล",,ไวลด์ร็อกเก็ต | WILD ROCKET (ARUGULA)
"ไวลด์ร็อกเก็ตตัดราก, ไวร็อกเก็ตตัดราก, wild rocket CR, wild rocket cr",ไวลด์ร็อกเก็ต (ตัดราก) | WILD ROCKET (ARUGULA),"กก, กรัม, Kg, g., kg, กิโล, กิโลกรัม, โล",,ไวลด์ร็อกเก็ต (ตัดราก) | WILD ROCKET (ARUGULA)
"เห็ดเข็มทอง 300 กรัม, เห็ดเข็มทองชิโระ, เห็ดเข็มทองสามร้อยกรัม, เห็ดเข็มทอง300g, เห็ดเข็มทอง300กรัม",เห็ดเข็มทอง | GOLDEN NEEDLE MUSHROOM 300g,แพ็ค,,เห็ดเข็มทอง | GOLDEN NEEDLE MUSHROOM 300g
"เห็ดแชมปิญอง, แชมขาว, เห็ดแชมปิญองขาว, เห็ดเเชมปิญอง, white champignon, champignon, champ, เห็ดแชม",เห็ดแชมปิญอง | CHAMPIGNON MUSHROOM,"กก, กรัม, Kg, g., kg, กิโล, กิโลกรัม, โล",,เห็ดแชมปิญอง | CHAMPIGNON MUSHROOM
"เห็ดแชมปิญอง น้ำตาล, เห็ด swissbrown, swiss brown",เห็ดแชมปิญอง น้ำตาล | SWISS BROWN MUSHROOM,"กก, กรัม, Kg, g., kg, กิโล, กิโลกรัม, โล",,เห็ดแชมปิญอง น้ำตาล | SWISS BROWN MUSHROOM
"เห็ดจินเป่า, เห็ดออรินจิ, เห็ดออริจิ, ออรินจิ, oyster",เห็ดจินเป่า (ออรินจิ) | OYSTER MUSHROOM,"กก, กรัม, Kg, g., kg, กิโล, กิโลกรัม, โล",,เห็ดจินเป่า (ออรินจิ) | OYSTER MUSHROOM
"เห็ดชิเมจิขาว, ชิเมจิขาว, white shimeji, shimeji white",เห็ดชิเมจิขาว | WHITE SHIMEJI MUSHROOM 125g,"กก, กรัม, Kg, g., kg, แพค, pack,แพ็ค",,เห็ดชิเมจิขาว | WHITE SHIMEJI MUSHROOM 125g
เห็ดชิเมจิขาวก้านยาว,เห็ดชิเมจิขาวก้านยาว | LONG WHITE SHIMEJI,"กก, กรัม, Kg, g., kg, แพค, pack,แพ็ค",,เห็ดชิเมจิขาวก้านยาว | LONG WHITE SHIMEJI
"เห็ดชิเมจิดำ, ชิเมจิน้ำตาล, ชิเมจิดำ, black shimeji, shimeji black",เห็ดชิเมจิดำ | BLACK SHIMEJI 125g,"กก, กรัม, Kg, g., kg, แพค, pack,แพ็ค",,เห็ดชิเมจิดำ | BLACK SHIMEJI 125g
เห็ดชิเมจิดำก้านยาว,เห็ดชิเมจิดำก้านยาว | LONG BLACK SHIMEJI,"กก, กรัม, Kg, g., kg, แพค, pack,แพ็ค",,เห็ดชิเมจิดำก้านยาว | LONG BLACK SHIMEJI
"เห็ดนางฟ้า, summer oyster",เห็ดนางฟ้า | SUMMER OYSTER,"กก, กรัม, Kg, g., kg, กิโล, กิโลกรัม, โล",,เห็ดนางฟ้า | SUMMER OYSTER
เห็ดฟาง,เห็ดฟาง | STRAW MUSHROOM,"กก, กรัม, Kg, g., kg, กิโล, กิโลกรัม, โล",,เห็ดฟาง | STRAW MUSHROOM
"เห็ดหอมสด, เห็ดสด, เห็ดหอม, fresh shitake",เห็ดหอมสด | FRESH SHIITAKE,"กก, กรัม, Kg, g., kg, กิโล, กิโลกรัม, โล",,เห็ดหอมสด | FRESH SHIITAKE
"เห็ดหิมะขาว, หิมะขาว",เห็ดหิมะขาว | WHITE SNOW MUSHROOM,"กก, กรัม, Kg, g., kg, กิโล, กิโลกรัม, โล",,เห็ดหิมะขาว | WHITE SNOW MUSHROOM
เห็ดหิมะขาว 150 กรัม,เห็ดหิมะขาว 150g | WHITE SNOW MUSHROOM 150g,แพ็ค,,เห็ดหิมะขาว 150g | WHITE SNOW MUSHROOM 150g
"เห็ดหูหนูดำ, ear black mushroom",เห็ดหูหนูดำ | EAR BLACK MUSHROOM,"กก, กรัม, Kg, g., kg, กิโล, กิโลกรัม, โล",,เห็ดหูหนูดำ | EAR BLACK MUSHROOM
"กระชายหัว, กะชายหัว, whole galangal",กระชายหัว | WHOLE GALANGAL,"กก, กรัม, Kg, g., kg, กิโล, กิโลกรัม, โล",,กระชายหัว | WHOLE GALANGAL
"กระชายขาว, กะชายขาว, white galangal",กระชายขาว | WHITE GALANGAL,"กก, กรัม, Kg, g., kg, กิโล, กิโลกรัม, โล",,กระชายขาว | WHITE GALANGAL
"กระเทียมไทยกลีบ, กระเทียมไทย, thai garlic",กระเทียมไทยกลีบ | THAI GARLIC,"กก, กรัม, Kg, g., kg, กิโล, กิโลกรัม, โล",,กระเทียมไทยกลีบ | THAI GARLIC
"กระเทียมจีนกลีบ, กะเทียมจีนกลีบ, chinese garlic",กระเทียมจีนกลีบ | CHINESE GARLIC,"กก, กรัม, Kg, g., kg, กิโล, กิโลกรัม, โล",,กระเทียมจีนกลีบ | CHINESE GARLIC
"กระเทียมจีนปอก, กะเทียมจีนปอกเปลือก, จีนปอก, กระเทียมปอกเปลือก, เทียม, กระเทียมปอกเปลือก, peeled garlic, peeled chinese garlic, กระเทียมปอก, กท, gr",กระเทียมจีนปอก | CHINESE GARLIC (RT),"กก, กรัม, Kg, g., kg, กิโล, กิโลกรัม, โล",,กระเทียมจีนปอก | CHINESE GARLIC (RT)
"กระเทียมจีนหัว, กระเทียมจีนตัดจุก, whole garlic, whole chinese garlic",กระเทียมจีนหัว | WHOLE CHINESE GARLIC,"กก, กรัม, Kg, g., kg, กิโล, กิโลกรัม, โล",,กระเทียมจีนหัว | WHOLE CHINESE GARLIC
"กระเทียมโทน, solo garlic",กระเทียมโทน | SOLO GARLIC,"กก, กรัม, Kg, g., kg, กิโล, กิโลกรัม, โล",,กระเทียมโทน | SOLO GARLIC
"ข่าแก่, ข่า, old galangal",ข่าแก่ | OLD GALANGAL,"กก, กรัม, Kg, g., kg, กิโล, กิโลกรัม, โล",,ข่าแก่ | GALANGAL
"ข่าอ่อน, galangal",ข่าอ่อน | GALANGAL,"กก, กรัม, Kg, g., kg, กิโล, กิโลกรัม, โล",,ข่าอ่อน | GALANGAL
"ขมิ้น, turmeric",ขมิ้น | TURMERIC,"กก, กรัม, Kg, g., kg, กิโล, กิโลกรัม, โล",,ขมิ้น | TURMERIC
"ขมิ้นขาว, white turmeric",ขมิ้นขาว | WHITE TURMERIC,"กก, กรัม, Kg, g., kg, กิโล, กิโลกรัม, โล",,ขมิ้นขาว | WHITE TURMERIC
"ขิงแก่, old ginger",ขิงแก่ | OLD GINGER,"กก, กรัม, Kg, g., kg, กิโล, กิโลกรัม, โล",,ขิงแก่ | OLD GINGER
"ต้นกระเทียม, ต้นกะเทียม, leek",ต้นกระเทียม | LEEK,"กก, กรัม, Kg, g., kg, กิโล, กิโลกรัม, โล",,ต้นกระเทียม | LEEK
,ต้นหอม | CHIEVE,"กก, กรัม, Kg, g., kg, กิโล, กิโลกรัม, โล",,ต้นหอม | CHIEVE
"ต้นหอมไทย, ต้นหอม, thai green onion",ต้นหอมไทย ตัดแต่ง | THAI GREEN ONION,"กก, กรัม, Kg, g., kg, กิโล, กิโลกรัม, โล",,ต้นหอมไทย ตัดแต่ง | THAI GREEN ONION
"ต้นหอมญี่ปุ่น, japanese spring onion",ต้นหอมญี่ปุ่น ตัดแต่ง มีใบ | JAPANESE SPRING ONION,"กก, กรัม, Kg, g., kg, กิโล, กิโลกรัม, โล",,ต้นหอมญี่ปุ่น ตัดแต่ง มีใบ | JAPANESE SPRING ONION
"ต้นหอมญี่ปุ่นก้าน, ต้นหอมญี่ปุ่น เฉพาะก้าน",ต้นหอมญี่ปุ่น เฉพาะก้าน | JAPANESE SPRING ONION,"กก, กรัม, Kg, g., kg, กิโล, กิโลกรัม, โล",,ต้นหอมญี่ปุ่น เฉพาะก้าน | JAPANESE SPRING ONION
"ตะไคร้, lemongrass",ตะไคร้ | LEMONGRASS,"กก, กรัม, Kg, g., kg, กิโล, กิโลกรัม, โล",,ตะไคร้ | LEMONGRASS
"พริกขี้หนูเขียว, ขี้หนูเขียว, green bird chilli",พริกขี้หนูเขียว | GREEN BIRD CHILLI,"กก, กรัม, Kg, g., kg, กิโล, กิโลกรัม, โล",,พริกขี้หนูเขียว | GREEN BIRD CHILLI
"พริกขี้หนูเขียวเด็ด, ขี้หนูเขียวเด็ดก้าน, green bird chilli no stem",พริกขี้หนูเขียว ไร้ก้าน | GREEN BIRD CHILLI NO STEM,"กก, กรัม, Kg, g., kg, กิโล, กิโลกรัม, โล",,พริกขี้หนูเขียว ไร้ก้าน | GREEN BIRD CHILLI NO STEM
"พริกขี้หนูแดง, red bird chilli",พริกขี้หนูแดง | RED BIRD CHILLI,"กก, กรัม, Kg, g., kg, กิโล, กิโลกรัม, โล",,พริกขี้หนูแดง | RED BIRD CHILLI
"พริกขี้หนูแดงไร้ก้าน, พริกขี้หนูแดงเด็ด, พริกขี้หนูแดง ไร้ก้าน, red bird chilli no stem",พริกขี้หนูแดง ไร้ก้าน | RED BIRD CHILLI NO STEM,"กก, กรัม, Kg, g., kg, กิโล, กิโลกรัม, โล",,พริกขี้หนูแดง ไร้ก้าน | RED BIRD CHILLI NO STEM
"พริกขี้หนูสวน, garden bird chilli",พริกขี้หนูสวน | GARDEN BIRD CHILLI,"กก, กรัม, Kg, g., kg, กิโล, กิโลกรัม, โล",,พริกขี้หนูสวน | GARDEN BIRD CHILLI
"พริกจินดาเขียว, พริกจีนดาเขียว, green jinda chilli, green jinda",พริกจินดาเขียว | GREEN JINDA CHILLI,"กก, กรัม, Kg, g., kg, กิโล, กิโลกรัม, โล",,พริกจินดาเขียว | GREEN JINDA CHILLI
"พริกจินดาเขียวเด็ด, green jinda chilli no stem, green jinda no stem",พริกจินดาเขียว ไร้ก้าน | GREEN JINDA CHILLI NO STEM,"กก, กรัม, Kg, g., kg, กิโล, กิโลกรัม, โล",,พริกจินดาเขียว ไร้ก้าน | GREEN JINDA CHILLI NO STEM
"พริกจินดาแดงเด็ด, แดงเด็ด, แดงไร้ก้าน, พริก, พริกแดงเด็ดก้าน, พริกแดงเด็ด, พริกจินดาแดงไร้ก้าน, red jinda chilli no stem, red jinda no stem, jd, พก",พริกจินดาแดง ไร้ก้าน | RED JINDA CHILLI NO STEM,"กก, กรัม, Kg, g., kg, กิโล, กิโลกรัม, โล",,พริกจินดาแดง ไร้ก้าน | RED JINDA CHILLI NO STEM
"พริกจินดาแดง, red jinda chilli, red jinda",พริกจินดาแดง  | RED JINDA CHILLI,"กก, กรัม, Kg, g., kg, กิโล, กิโลกรัม, โล",,พริกจินดาแดง  | RED JINDA CHILLI
"พริกชี้ฟ้าเขียว, green spur chilli",พริกชี้ฟ้าเขียว | GREEN SPUR CHILLI,"กก, กรัม, Kg, g., kg, กิโล, กิโลกรัม, โล",,พริกชี้ฟ้าเขียว | GREEN SPUR CHILLI
"พริกชี้ฟ้าเหลือง, yellow spur chilli",พริกชี้ฟ้าเหลือง | YELLOW SPUR CHILLI,"กก, กรัม, Kg, g., kg, กิโล, กิโลกรัม, โล",,พริกชี้ฟ้าเหลือง | YELLOW SPUR CHILLI
"พริกชี้ฟ้าแดง, ชี้ฟ้าแดง, red spur chilli",พริกชี้ฟ้าแดง | RED SPUR CHILLI,"กก, กรัม, Kg, g., kg, กิโล, กิโลกรัม, โล",,พริกชี้ฟ้าแดง | RED SPUR CHILLI
"พริกยักษ์เขียว, พริกยักเขียว, green bell pepper",พริกยักษ์ เขียว | GREEN BELL PEPPER,"กก, กรัม, Kg, g., kg, กิโล, กิโลกรัม, โล",,พริกยักษ์ เขียว | GREEN BELL PEPPER
"พริกยักษ์เหลือง, พริกยักเหลือง, yellow bell pepper",พริกยักษ์ เหลือง | YELLOW BELL PEPPER,"กก, กรัม, Kg, g., kg, กิโล, กิโลกรัม, โล",,พริกยักษ์ เหลือง | YELLOW BELL PEPPER
"พริกยักษ์แดง, พริกยักแดง, red bell pepper",พริกยักษ์ แดง | RED BELL PEPPER,"กก, กรัม, Kg, g., kg, กิโล, กิโลกรัม, โล",,พริกยักษ์ แดง | RED BELL PEPPER
"พริกหยวกเขียว, หยวกเขียว",พริกหยวกเขียว | GREEN ANAHEIM CHILLI,"กก, กรัม, Kg, g., kg, กิโล, กิโลกรัม, โล",,พริกหยวกเขียว | GREEN ANAHEIM CHILLI
"พริกแห้ง, พริกจินดาแดงแห้ง, dried chilli",พริกแห้ง | DRIED CHILLI,"กก, กรัม, Kg, g., kg, กิโล, กิโลกรัม, โล",,พริกแห้ง | DRIED CHILLI
"พริกไทยดำเม็ด, black pepper",พริกไทยดำเม็ด | BLACK PEPPERCORNS,"กก, กรัม, Kg, g., kg, กิโล, กิโลกรัม, โล",,พริกไทยดำเม็ด | BLACK PEPPERCORNS
"พริกไทยอ่อน, young green pepper",พริกไทยอ่อน | YOUNG GREEN PEPPERCORNS,"กก, กรัม, Kg, g., kg, กิโล, กิโลกรัม, โล",,พริกไทยอ่อน | YOUNG GREEN PEPPERCORNS
"พริกหนุ่ม, young green chilli",พริกหนุ่ม |  YOUNG GREEN CHIL,"กก, กรัม, Kg, g., kg, กิโล, กิโลกรัม, โล",,พริกหนุ่ม |  YOUNG GREEN CHIL
"พริกจาราปิโญ่, พริกจารปีโน่, พริกจิราปิโญ่, jalapeno chilli",พริกจาราปิโญ่ | JALAPENO CHIL,"กก, กรัม, Kg, g., kg, กิโล, กิโลกรัม, โล",,พริกจาราปิโญ่ | JALAPENO CHIL
"โรสแมรี่, Rosemarry",โรสแมรี | ROSEMARY,"กก, กรัม, Kg, g., kg, กิโล, กิโลกรัม, โล",,โรสแมรี | ROSEMARY
"สาระแหน่, สะระแหน่, ใบมินต์, ใบมิ้น, สาระแหน, ใบสาระแน่, mint",สะระแหน่ | MINT,"กก, กรัม, Kg, g., kg, กิโล, กิโลกรัม, โล",,สะระแหน่ | MINT
"เสจ, sage",เสจ | SAGE,"กก, กรัม, Kg, g., kg, กิโล, กิโลกรัม, โล",,เสจ | SAGE
"ไทม์, ใบทาม, ใบไทม์, thyme",ไทม์ | THYME,"กก, กรัม, Kg, g., kg, กิโล, กิโลกรัม, โล",,ไทม์ | THYME
"หอมแดงแขก (ใหญ่), หอมแขกใหญ่, หอมแดงแขก, หอมแขก, red onion",หอมแดงแขก (ใหญ่) | BIG SHALLOT / RED ONION,"กก, กรัม, Kg, g., kg, กิโล, กิโลกรัม, โล",,หอมแดงแขก (ใหญ่) | BIG SHALLOT / RED ONION
,หอมแดงแขก | SHALLOT / RED ONION,"กก, กรัม, Kg, g., kg, กิโล, กิโลกรัม, โล",,หอมแดงแขก | SHALLOT / RED ONION
"หอมแดงแขก ปอก (ใหญ่), หอมแดงแขก (ใหญ่) ปอก, หอมแดงแขกปอกใหญ่, หอมแดงแขกใหญ่ปอก, หอมแขกปอกเปลือก,หอมแดงแขกปอก,หอมแขกปอก, peeled red onion",หอมแดงแขก ปอก (ใหญ่) | PEELED BIG SHALLOT / RED ONION,"กก, กรัม, Kg, g., kg, กิโล, กิโลกรัม, โล",,หอมแดงแขก ปอก (ใหญ่) | BIG SHALLOT / RED ONION
,หอมแดงแขก ปอก | SHALLOT / RED ONION,"กก, กรัม, Kg, g., kg, กิโล, กิโลกรัม, โล",,หอมแดงแขก ปอก | SHALLOT / RED ONION
"หอมแดงไทย, thai red onion",หอมแดงไทย | THAI RED ONION,"กก, กรัม, Kg, g., kg, กิโล, กิโลกรัม, โล",,หอมแดงไทย | THAI RED ONION
"หอมซุป, onion soup",หอมซุป | ONION SOUP,"กก, กรัม, Kg, g., kg, กิโล, กิโลกรัม, โล",,หอมซุป | ONION SOUP
"หอมหัวใหญ่, หอมใหญ่, หัวใหญ่, onion",หอมหัวใหญ่ | ONION,"กก, กรัม, Kg, g., kg, กิโล, กิโลกรัม, โล",,หอมหัวใหญ่ | ONION
"หอมหัวใหญ่ ปอก, หอมหัวใหญ่ ปลอก, หอมใหญ่ปอก, หอมหัวใหญ่ปอกเปลือก, peeled onion",หอมหัวใหญ่ ปลอก | PEELED ONION,"กก, กรัม, Kg, g., kg, กิโล, กิโลกรัม, โล",,หอมหัวใหญ่ ปลอก | BIG ONION
"กระเจี๊ยบ, กระเจี๊ยบเขียว, okra",กระเจี๊ยบเขียว | OKRA,"กก, กรัม, Kg, g., kg, กิโล, กิโลกรัม, โล",,กระเจี๊ยบเขียว | OKRA
"ข้าวโพดหวาน, corn, sweet corn",ข้าวโพดหวาน | SWEET CORN,"กก, กรัม, Kg, g., kg, กิโล, กิโลกรัม, โล",,ข้าวโพดหวาน | SWEET CORN
"ข้าวโพดหวาน ปอก,ข้าวโพดหวานปลอก, peeled sweet corn, peeled corn",ข้าวโพดหวาน ปลอก | SWEET CORN (RT),"กก, กรัม, Kg, g., kg, กิโล, กิโลกรัม, โล",,ข้าวโพดหวาน ปลอก | SWEET CORN (RT)
,ข้าวโพดอ่อน | BABY CORN ,"กก, กรัม, Kg, g., kg, กิโล, กิโลกรัม, โล",,ข้าวโพดอ่อน | BABY CORN (WITH HUSK)
ข้าวโพดอ่อน ติดหมวก,ข้าวโพดอ่อน ติดหมวก | BABY CORN (WITH HUSK),"กก, กรัม, Kg, g., kg, กิโล, กิโลกรัม, โล",,ข้าวโพดอ่อน ติดหมวก | BABY CORN
"ข้าวโพดอ่อนปอก, ข้าวโพดอ่อน ปอก, ข้าวโพดอ่อนปลอก, ข้าวโพดอ่อนปอก, ข้าวโพดอ่อน ปลอก, ข้าวโพดอ่อน, baby corn",ข้าวโพดอ่อน ปลอก | BABY CORN (RT),"กก, กรัม, Kg, g., kg, กิโล, กิโลกรัม, โล",,ข้าวโพดอ่อน ปลอก | BABY CORN (RT)
"แครอท, carrot",แครอท | CARROTS,"กก, กรัม, Kg, g., kg, กิโล, กิโลกรัม, โล",,แครอท | CARROTS
"เบบี้แครอท, Baby แครอท, baby carrot",เบบี้แครอท | BABY CARROTS,"กก, กรัม, Kg, g., kg, กิโล, กิโลกรัม, โล",,เบบี้แครอท | BABY CARROTS
"บีทรูท, beetroot",บีทรูท | BEETROOT,"กก, กรัม, Kg, g., kg, กิโล, กิโลกรัม, โล",,บีทรูท | BEETROOT
"มันฝรั่งเอ, มันฝรั่ง A, มันเอ, มันฝรั่ง, potato A, potato a",มันฝรั่ง A | POTATO A,"กก, กรัม, Kg, g., kg, กิโล, กิโลกรัม, โล",,มันฝรั่ง A | POTATO A
"มันฝรั่งบี, มันฝรั่ง B, มันบี, potato B, potato b",มันฝรั่ง B | POTATO B,"กก, กรัม, Kg, g., kg, กิโล, กิโลกรัม, โล",,มันฝรั่ง B | POTATO B
"มันฝรั่งโอ, มันฝรั่ง O, มันโอ, มันนอก, มันจัมโบ้, มันใหญ่, มันฝรั่งใหญ่, potato O, potato o",มันฝรั่ง O | POTATO O,"กก, กรัม, Kg, g., kg, กิโล, กิโลกรัม, โล",,มันฝรั่ง O | POTATO O
"มันซุป, เบบี้มันฝรั่ง, มันฝรั่งเบบี้, Baby potato, เบบี้โปเตโต้, small potato",มันซุป (เบบี้มันฝรั่ง) | BABY POTATOES,"กก, กรัม, Kg, g., kg, กิโล, กิโลกรัม, โล",,มันซุป (เบบี้มันฝรั่ง) | BABY POTATOES
"แรดิชิโอ, เรดิชิโอ, แรดิชชิโอ, radicchio",แรดิชิโอ | RADICCHIO,"กก, กรัม, Kg, g., kg, กิโล, กิโลกรัม, โล",,แรดิชิโอ | RADICCHIO
"ปวยเล้ง, ป๋วยเล้ง, spinach",ปวยเล้ง Spinach,"กก, กรัม, Kg, g., kg, กิโล, กิโลกรัม, โล",,ปวยเล้ง Spinach
"ถั่วงอก, bean sprout",ถั่วงอก | Bean Sprout,"กก, กรัม, Kg, g., kg, กิโล, กิโลกรัม, โล",,ถั่วงอก | Bean Sprout
"ถั่วลันเตาหวาน, เตาหวาน, ลันเตาหวาน, sweet peas",ถั่วลันเตาหวาน | Sweet Peas,"กก, กรัม, Kg, g., kg, กิโล, กิโลกรัม, โล",,ถั่วลันเตาหวาน | Sweet Peas
"ถั่วลันเตาแบน, เตาแบน, flat green peas",ถั่วลันเตาแบน | FLAT GREEN PEAS,"กก, กรัม, Kg, g., kg, กิโล, กิโลกรัม, โล",,ถั่วลันเตาแบน | FLAT GREEN PEAS
"ถั่วแขก, green beans",ถั่วแขก | GREEN BEANS,"กก, กรัม, Kg, g., kg, กิโล, กิโลกรัม, โล",,ถั่วแขก | GREEN BEANS
"เรดิช, แรดิช, radish",เรดิช | RADISH,"กก, กรัม, Kg, g., kg, กิโล, กิโลกรัม, โล",,เรดิช | RADISH
"ถั่วฝักยาว, yardlong bean",ถั่วฝักยาว | Yardlong Bean,"กก, กรัม, Kg, g., kg, กิโล, กิโลกรัม, โล",,ถั่วฝักยาว | Yardlong Bean
"รากผักชี, coriander root",รากผักชี | CORIANDER ROOT,"กก, กรัม, Kg, g., kg, กิโล, กิโลกรัม, โล",,รากผักชี | CORIANDER ROOT
"หัวไชเท้า, white radish",หัวไชเท้า | WHITE RADISH,"กก, กรัม, Kg, g., kg, กิโล, กิโลกรัม, โล",,หัวไชเท้า | WHITE RADISH
"หน่อไม้ฝรั่งเขียว เอ, หน่อไม้ฝรั่งเอ, หน่อไม้ฝรั่งเกรดเอ, asparagus A",หน่อไม้ฝรั่งเขียว เอ | GREEN ASPARAGUS A,"กก, กรัม, Kg, g., kg, กิโล, กิโลกรัม, โล",,หน่อไม้ฝรั่งเขียว เอ | GREEN ASPARAGUS A
"หน่อไม้ฝรั่งเขียว บี, หน่อไม้ฝรั่งบี, หน่อไม้ฝรั่งเกรดบี, asparagus B",หน่อไม้ฝรั่งเขียว บี | GREEN ASPARAGUS B,"กก, กรัม, Kg, g., kg, กิโล, กิโลกรัม, โล",,หน่อไม้ฝรั่งเขียว บี | GREEN ASPARAGUS B
"หน่อไม้ฝรั่งเขียว จัมโบ้, หน่อไม้ฝรั่งจัมโบ้, หน่อไม่ฝรั่งจัมโบ, asparagus jumbo, jumbo asparagus",หน่อไม้ฝรั่งเขียว จัมโบ้ | GREEN ASPARAGUS JUMBO,"กก, กรัม, Kg, g., kg, กิโล, กิโลกรัม, โล",,หน่อไม้ฝรั่งเขียว จัมโบ้ | GREEN ASPARAGUS JUMBO
"ซูกินี, ซูกินี่, zucchini",ซูกินี | ZUCCHINI,"กก, กรัม, Kg, g., kg, กิโล, กิโลกรัม, โล",,ซูกินี | ZUCCHINI
"แตงกวา, cucumber ",แตงกวา | CUCUMBER,"กก, กรัม, Kg, g., kg, กิโล, กิโลกรัม, โล",,แตงกวา | CUCUMBER
"แตงกวาญี่ปุ่น, แตงกวาญีปุ่น, japanese cucumber",แตงกวาญี่ปุ่น | JAPANESE CUCUMBER,"กก, กรัม, Kg, g., kg, ลูก, กิโล, กิโลกรัม, โล",,แตงกวาญี่ปุ่น | JAPANESE CUCUMBER
"แตงร้าน, big cucumber",แตงร้าน | LONG CUCUMBER,"กก, กรัม, Kg, g., kg, กิโล, กิโลกรัม, โล",,แตงร้าน | LONG CUCUMBER
"ฟักทองไทย, pumpkin",ฟักทองไทย | THAI PUMPKIN,"กก, กรัม, Kg, g., kg, กิโล, กิโลกรัม, โล",,ฟักทองไทย | THAI PUMPKIN
"ฟักทองญี่ปุ่น, japanese pumpkin",ฟักทองญี่ปุ่น | JAPANESE PUMPKIN,"กก, กรัม, Kg, g., kg, กิโล, กิโลกรัม, โล",,ฟักทองญี่ปุ่น | JAPANESE PUMPKIN
"ฟักทองญี่ปุ่น มินิ, ฟักทองญี่ปุ่นเล็ก, mini japanese pumpkin",ฟักทองญี่ปุ่น มินิ | JAPANESE PUMPKIN MINI,"กก, กรัม, Kg, g., kg, กิโล, กิโลกรัม, โล",,ฟักทองญี่ปุ่น มินิ | JAPANESE PUMPKIN MINI
"ฟักทองบัตเตอร์นัต, ฟักทองบัตเตอร์นัท, butternut, butternut squash",ฟักทองบัตเตอร์นัต | BUTTERNUT SQUASH,"กก, กรัม, Kg, g., kg, กิโล, กิโลกรัม, โล",,ฟักทองบัตเตอร์นัต | BUTTERNUT SQUASH
บวบเหลี่ยมอ่อน,บวบเหลี่ยมอ่อน |  ANGLED GOURD,"กก, กรัม, Kg, g., kg, กิโล, กิโลกรัม, โล",,บวบเหลี่ยมอ่อน |  ANGLED GOURD
"มะเขือเทศเชอร์รี่กลม, มะเขือเทศเชอรี่กลม, cherry round tomato",มะเขือเทศเชอร์รี่กลม | CHERRY TOMATO ROUND,"กก, กรัม, Kg, g., kg, กิโล, กิโลกรัม, โล",,มะเขือเทศเชอร์รี่กลม | CHERRY TOMATO ROUND
"มะเขือเทศเนื้อ, มะเขือเทศกินสด, beef tomato",มะเขือเทศเนื้อ | BEEF TOMATO,"กก, กรัม, Kg, g., kg, กิโล, กิโลกรัม, โล",,มะเขือเทศเนื้อ | BEEF TOMATO
"มะเขือเทศท้อ, tomato ท้อ, ท้อ, plum tomato",มะเขือเทศท้อ | PLUM TOMATO,"กก, กรัม, Kg, g., kg, กิโล, กิโลกรัม, โล",,มะเขือเทศท้อ | PLUM TOMATO
"มะเขือเทศติดเถา, vine tomato, ติดเถา, vine",มะเขือเทศติดเถา | VINE TOMATO,"กก, กรัม, Kg, g., kg, กิโล, กิโลกรัม, โล",,มะเขือเทศติดเถา | VINE TOMATO
"มะเขือเทศราชินี แดง, มะเขือเทศราชินี, cherry tomato",มะเขือเทศราชินี แดง| CHERRY TOMATO,"กก, กรัม, Kg, g., kg, กิโล, กิโลกรัม, โล",,มะเขือเทศราชินี แดง| CHERRY TOMATO
"มะเขือเทศสีดา, srida pink egg tomato",มะเขือเทศสีดา | SRIDA PINK EGG TOMATO,"กก, กรัม, Kg, g., kg, กิโล, กิโลกรัม, โล",,มะเขือเทศสีดา | SRIDA PINK EGG TOMATO
"มะเขือเปาะ, มะเขือเปราะ, green brinjal",มะเขือเปาะ | GREEN BRINJAL,"กก, กรัม, Kg, g., kg, กิโล, กิโลกรัม, โล",,มะเขือเปาะ | GREEN BRINJAL
"มะเขือพวง, turkey berry",มะเขือพวง | TURKEY BERRY,"กก, กรัม, Kg, g., kg, กิโล, กิโลกรัม, โล",,มะเขือพวง | TURKEY BERRY
"มะเขือพวงเด็ด, turkey berry no stem",มะเขือพวง เด็ด | TURKEY BERRY NO STEM,"กก, กรัม, Kg, g., kg, กิโล, กิโลกรัม, โล",,มะเขือพวง เด็ด | TURKEY BERRY NO STEM
"มะเขือม่วงก้านเขียว, purple eggplant green stem",มะเขือม่วงก้านเขียว | PURPLE EGGPLANT GREEN STEM,"กก, กรัม, Kg, g., kg, กิโล, กิโลกรัม, โล",,มะเขือม่วงก้านเขียว | PURPLE EGGPLANT GREEN STEM
"มะเขือยาวเขียว, long green eggplant",มะเขือยาวเขียว | LONG GREEN EGGPLANT,"กก, กรัม, Kg, g., kg, กิโล, กิโลกรัม, โล",,มะเขือยาวเขียว | LONG GREEN EGGPLANT
"มะเขือยาวม่วง, long purple eggplant",มะเขือยาวม่วง | LONG PURPLE EGGPLANT,"กก, กรัม, Kg, g., kg, กิโล, กิโลกรัม, โล",,มะเขือยาวม่วง | LONG PURPLE EGGPLANT
"มะระขี้นก, bitter cucumber ",มะระขี้นก | BITTER CUCUMBER,"กก, กรัม, Kg, g., kg, กิโล, กิโลกรัม, โล",,มะระขี้นก | BITTER CUCUMBER
"มะระจีน, bitter melon",มะระจีน | BITTER MELON,"กก, กรัม, Kg, g., kg, กิโล, กิโลกรัม, โล",,มะระจีน | BITTER MELON
"เลมอน, เลม่อน, lemon kg, ",เลมอน | LEMON,"กก, กรัม, Kg, g., kg, กิโล, กิโลกรัม, โล",,เลมอน | LEMON
,เลมอน | LEMON BOX (15KG.),,,เลมอน | LEMON BOX (15KG.)
"มะกรูด, มะกูด",มะกรูด | KAFFIR LIME,"กก, กรัม, Kg, g., kg, กิโล, กิโลกรัม, โล",,มะกรูด | KAFFIR LIME
"ใบมะกรูด, ใบมะกูด",ใบมะกรูด | KAFFIR LIME LEAVES,"กก, กรัม, Kg, g., kg, กิโล, กิโลกรัม, โล",,ใบมะกรูด | KAFFIR LIME LEAVES
,มะนาว | LIME เบอร์ #6,,,มะนาว | LIME เบอร์ #6
"มะนาว, มะนาวแป้น, มะนาวเขียว, มะนาวลูก, lime, green lime",มะนาว | LIME เบอร์ #5,"กก, กรัม, Kg, g., ลูก, kg, pcs, กิโล, กิโลกรัม, โล",,มะนาว | LIME เบอร์ #5
"มะนาวไร้เมล็ด, มะนาวไร้เม็ด, key lime, seedless lime",มะนาวไร้เมล็ด | KEY LIME,"กก, กรัม, Kg, g., ลูก, kg, pcs, กิโล, กิโลกรัม, โล",,มะนาวไร้เมล็ด | KEY LIME
"กล้วยไข่, lady finger banana",กล้วยไข่ | LADY FINGER BANANA,"หวี, กก, กรัม, Kg, g., ลูก, kg, กิโล, กิโลกรัม, โล",,กล้วยไข่ | LADY FINGER BANANA
"กล้วยหอม, cavendish banana",กล้วยหอม | CAVENDISH BANANA,"หวี, กก, กรัม, Kg, g., ลูก,กิโล, กิโลกรัม, โล",,กล้วยหอม | CAVENDISH BANANA
"กีวี่, กีวี่เขียว, กีวี, กีวีเขียว, kiwi, green kiwi",กีวี่เขียว | GREEN KIWI ,"กก, กรัม, Kg, g., ลูก,กิโล, กิโลกรัม, โล",,กีวี่เขียว | GREEN KIWI 
"แก้วมังกรแดง, dragon fruit red, red dragon fruit",แก้วมังกรแดง | DRAGON FRUIT RED,"กก, กรัม, Kg, g., ลูก,กิโล, กิโลกรัม, โล",,แก้วมังกรแดง | DRAGON FRUIT RED
"แก้วมังกรขาว, whitel dragon fruit, dragon fruit white",แก้วมังกรขาว | DRAGON FRUIT WHITE,"กก, กรัม, Kg, g., ลูก,กิโล, กิโลกรัม, โล",,แก้วมังกรขาว | DRAGON FRUIT WHITE
"แคนตาลูป, แคนตาลูป ส้ม, แคนตาลูบ, แคนตาลูบ ส้ม, แคนตาลูปส้ม, orange cantaloupe",แคนตาลูป ส้ม | CANTALOUPE ORANGE FLESH,"กก, กรัม, Kg, g., ลูก,กิโล, กิโลกรัม, โล",,แคนตาลูป ส้ม | CANTALOUPE ORANGE FLESH
"เมลอนเขียว, เมล่อนเขียว,เมล่อน, green melon",เมล่อน เขียว | MELON GREEN FLESH ,"กก, กรัม, Kg, g., ลูก,กิโล, กิโลกรัม, โล",,เมล่อน เขียว | MELON GREEN FLESH 
"เมลอนทอง, เมล่อนทอง, gold melon",เมล่อน ทอง | MELON GOLD FLESH,"กก, กรัม, Kg, g., ลูก,กิโล, กิโลกรัม, โล",,เมล่อน ทอง | MELON GOLD FLESH
"เมลอนส้ม, เมล่อนส้ม, เมล่อน ส้ม, orange melon",เมล่อน ส้ม | MELON ORANGE FLESH,"กก, กรัม, Kg, g., ลูก,กิโล, กิโลกรัม, โล",,เมล่อน ส้ม | MELON ORANGE FLESH
"ทับทิม, pomegranate",ทับทิม | POMEGRANATE,ลูก,,ทับทิม | POMEGRANATE
,บลูเบอร์รี่ | BLUEBERRY Tray 12 Pack,,,บลูเบอร์รี่ | BLUEBERRY Tray 12 Pack
"บลูเบอร์รี่, บูเบอรี่, บลูเบอร์รี, Blueberry, blueberry",บลูเบอร์รี่ | BLUEBERRY Punnet,"แพ็ค, pack",,บลูเบอร์รี่ | BLUEBERRY Punnet
"มะม่วงน้ำดอกไม้, nam dok mai mango, nam dok mai",มะม่วงน้ำดอกไม้ | NAM DOK MAI MANGO,"กก, กรัม, Kg, g., ลูก,กิโล, กิโลกรัม, โล",,มะม่วงน้ำดอกไม้ | NAM DOK MAI MANGO
"มะม่วงน้ำดอกไม้ดิบ, green nam dok mai mango, green nam dok mai",มะม่วงน้ำดอกไม้ ดิบ | NAM DOK MAI MANGO,"กก, กรัม, Kg, g., ลูก,กิโล, กิโลกรัม, โล",,มะม่วงน้ำดอกไม้ ดิบ | NAM DOK MAI MANGO
"มะละกอดิบ, papaya, green papaya",มะละกอดิบ | GREEN PAPAYA,"กก, กรัม, Kg, g., ลูก,กิโล, กิโลกรัม, โล",,มะละกอดิบ | PAPAYA
"มะละกอสุก, ripe papaya, ripped papaya",มะละกอสุก | RIPPED PAPAYA ,"กก, กรัม, Kg, g., ลูก,กิโล, กิโลกรัม, โล",,มะละกอสุก | PAPAYA RIPPED
"มะละกอฮอแลน, มะละกอฮอลแลนด์, มะละกอฮอร์แลนด์, มะละกอฮอลแลน, holland papaya",มะละกอฮอลแลนด์ | HOLLAND PAPAYA,"กก, กรัม, Kg, g., ลูก,กิโล, กิโลกรัม, โล",,มะละกอฮอลแลนด์ | HOLLAND PAPAYA
,ราสเบอร์รี่ | RASPBERRY Tray,,,ราสเบอร์รี่ | RASPBERRY Tray
"ราสเบอร์รี่, ราสเบอรี่, raspberry",ราสเบอร์รี่ | RASPBERRY Punnet 120g,แพ็ค,,ราสเบอร์รี่ | RASPBERRY Punnet 120g
,สตอเบอร์รี่ | STRAWBERRY Tray Pack 4     1.3 Kg,,,สตอเบอร์รี่ | STRAWBERRY Tray Pack 4     1.3 Kg
,สตอเบอร์รี่ | STRAWBERRY Tray Pack 8.    2 Kg,,,สตอเบอร์รี่ | STRAWBERRY Tray Pack 8.    2 Kg
,สตอเบอร์รี่ | STRAWBERRY Punnet Pack 4 324 g,,,สตอเบอร์รี่ | STRAWBERRY Punnet Pack 4 324 g
"สตอเบอร์รี่, สตอเบอรี",สตอเบอร์รี่ | STRAWBERRY Punnet Pack 8 250 g,แพ็ค,,สตอเบอร์รี่ | STRAWBERRY Punnet Pack 8 250 g
"ส้มเขียวหวาน, sweet green orange, sweet green mandarin",ส้มเขียวหวาน | SWEET GREEN MANDARIN,"กก, กรัม, Kg, g., ลูก,กิโล, กิโลกรัม, โล",,ส้มเขียวหวาน | SWEET GREEN MANDARINE
"ส้มแมนดาริน, mandarin orange",ส้มแมนดาริน | MANDARIN ORANGE,"กก, กรัม, Kg, g., ลูก,กิโล, กิโลกรัม, โล",,ส้มแมนดาริน | MANDARIN ORANGE
"ส้มซันคิส, ส้มซันควิส, สัมซํนควิส, sunkist",ส้มซันคิส | SUNKIST,"กก, กรัม, Kg, g., ลูก,กิโล, กิโลกรัม, โล",,ส้มซันคิส | SUNKIST
"ส้มนาเวล, สัมนาเวล, navel",ส้มนาเวล | Navel,"กก, กรัม, Kg, g., ลูก,กิโล, กิโลกรัม, โล",,ส้มนาเวล | Navel
"ส้มสายน้ำผึ้ง (คั่นน้ำ), ส้มสายน้ำผึ้ง (คั้นน้ำ), ส้มสายน้ำผึ้ง คั้นน้ำ, ส้มสายน้ำผึ้ง คั่นน้ำ",ส้มสายน้ำผึ้ง (คั้นน้ำ) | HONEY MANDARIN ORANGE,"กก, กรัม, Kg, g., ลูก,กิโล, กิโลกรัม, โล",,ส้มสายน้ำผึ้ง (คั้นน้ำ) | HONEY MANDARINE ORANGE
"ส้มสายน้ำผึ้ง, ส้มสายน้ำผึ้ง, ส้มน้ำผึ้ง, honey mandarin",ส้มสายน้ำผึ้ง | HONEY MANDARIN,"กก, กรัม, Kg, g., ลูก,กิโล, กิโลกรัม, โล",,ส้มสายน้ำผึ้ง | HONEY MANDARINE
"สับปะรด, สัปปะรด, สัปะรด, pineapple",สับปะรด | PINEAPPLE,"กก, กรัม, Kg, g., ลูก,กิโล, กิโลกรัม, โล",,สับปะรด | PINEAPPLE
"สับปะรดภูเก็ต, สัปปะรดภูเก็ต, สัปะรดภูเก็ต, phuket pineapple",สับปะรดภูเก็ต | PHUKET PINEAPPLE,"กก, กรัม, Kg, g., ลูก,กิโล, กิโลกรัม, โล",,สับปะรดภูเก็ต | PHUKET PINEAPPLE
"สับปะรดภูแล, สัปปะรดภูแล, สัปะรดภูแล, phulae pineapple",สับปะรดภูแล | BABY PINEAPPLE,"กก, กรัม, Kg, g., ลูก,กิโล, กิโลกรัม, โล",,สับปะรดภูแล | BABY PINEAPPLE
"สับปะรดศรีราชา, สัปปะรดศรีราชา, สัปะรดศรีราชา, sriracha pineapple ",สับปะรดศรีราชา | SRIRACHA PINEAPPLE,"กก, กรัม, Kg, g., ลูก,กิโล, กิโลกรัม, โล",,สับปะรดศรีราชา | SRIRACHA PINEAPPLE
"สัปปะรดหอมสุวรรณ, สับปะรดหอมสุวรรณ, สัปะรดหอมสุวรรณ, MD2, MD2 pineapple",สับปะรดหอมสุวรรณ | HOMSUWAN PINEAPPLE,"กก, กรัม, Kg, g., ลูก,กิโล, กิโลกรัม, โล",,สับปะรดหอมสุวรรณ | HOMSUWAN PINEAPPLE
,อโวคาโด แฮส | HASS AVOCADO Tray,,,อโวคาโด แฮส | HASS AVOCADO Tray
"อโวคาโอ,อโวคาโด แฮส,  อะโวคาโด, avocado, Avocado, อโวคาโด้, อโวคาโด้ แฮส, อโวคาโด้แฮส, avo",อโวคาโด แฮส | HASS AVOCADO Pcs.,"ลูก, pcs",,อโวคาโด แฮส | HASS AVOCADO Pcs.
"องุ่นไชน์มัสแคท, shine muscat",องุ่นไชน์มัสแคท | SHINE MUSCAT,"กก, กรัม, Kg, g., kg, กิโล, กิโลกรัม, โล",,องุ่นไชน์มัสแคท | SHINE MUSCAT
"องุ่นแดงไร้เมล็ด, องุ่นแดง, แดงไร้เมล็ด, red grape sl, red grape seedless",องุ่นแดงไร้เมล็ด | RED GRAPE SL,"กก, กรัม, Kg, g., kg, กิโล, กิโลกรัม, โล",,องุ่นแดงไร้เมล็ด | RED GRAPE SL
"องุ่นเขียวไร้เมล็ด, องุ่นเขียว, องุ่นเขียวไร้เมล็ด, green grape sl, green grape seedless",องุ่นเขียวไร้เมล็ด | GREEN GRAPE SL,"กก, กรัม, Kg, g., kg, กิโล, กิโลกรัม, โล",,องุ่นเขียวไร้เมล็ด | GREEN GRAPE SL
"ฟิก, ลูกฟิกส์, ฟิกส์, Fig, มะเดื่อฝรั่ง",ลูกฟิก | FIG,"กก, กรัม, Kg, g., kg, กิโล, กิโลกรัม, โล",,ลูกฟิก | FIG
"แตงโม, แตงโมแดง, watermelon",แตงโมแดง | Watermelon,"กก, กรัม, Kg, g., ลูก,กิโล, กิโลกรัม, โล",,แตงโมแดง | Watermelon
"เสาวรส, passion fruit",เสาวรส | PASSION FRUIT,"กก, กรัม, Kg, g., ลูก,กิโล, กิโลกรัม, โล",,เสาวรส | PASSION FRUIT
,แอปเปิ้ลเขียว | GREEN APPLE BOX,,,แอปเปิ้ลเขียว | GREEN APPLE BOX
"แอปเปิ้ลเขียว, แอปเปิลเขียว, green apple",แอปเปิ้ลเขียว | GREEN APPLE ,"กก, กรัม, Kg, g., ลูก,กิโล, กิโลกรัม, โล",,แอปเปิ้ลเขียว | GREEN APPLE 
,แอปเปิ้ลกาล่า | GALA APPLE BOX #80,,,แอปเปิ้ลกาล่า | GALA APPLE BOX #80
"แอปเปิ้ลกาล่า, แอปเปิลกาล่า, แอปเปิ้ลกาลา, แอปเปิลกาลา, แอปเปิลแดง, apple gala, red apple",แอปเปิ้ลกาล่า | GALA APPLE (แดง),"กก, กรัม, Kg, g., ลูก,กิโล, กิโลกรัม, โล",,แอปเปิ้ลกาล่า | GALA APPLE (แดง)
"แอปเปิ้ลฟูจิ, แอปเปิลฟูจิ, apple fuji, fuji apple",แอปเปิ้ลฟูจิ | FUJI APPLE,"กก, กรัม, Kg, g., ลูก,กิโล, กิโลกรัม, โล",,แอปเปิ้ลฟูจิ | FUJI APPLE
"ส้มโอขาว, white pomelo, pomelo",ส้มโอขาว | WHITE POMELO,"กก, กรัม, Kg, g., ลูก,กิโล, กิโลกรัม, โล",,ส้มโอขาว | WHITE POMELO
"ส้มโอขาวจับโบ้, ส้มโอขาวใหญ่, big pomelo, white pomelo jumbo, jumbo white pomelo",ส้มโอขาว | WHITE POMELO JUMBO,"กก, กรัม, Kg, g., ลูก,กิโล, กิโลกรัม, โล",,ส้มโอขาว | WHITE POMELO JUMBO
"ฝรั่ง, Guava",ฝรั่ง | Guava,"กก, กรัม, Kg, g., ลูก,กิโล, กิโลกรัม, โล",,ฝรั่ง | Guava
"แพร์แดง, ลูกแพรแดง, แพรแดง, red pear",แพร์แดง | RED PEAR,"กก, กรัม, Kg, g., ลูก,กิโล, กิโลกรัม, โล",,แพร์แดง | RED PEAR
"ดอกไม้กินได้, edible flower, edible flowers",ดอกไม้กินได้ | MIX EDIBLE FLOWERS,"กก, กรัม, Kg, g., kg, กิโล, กิโลกรัม, โล",,ดอกไม้กินได้ | MIX EDIBLE FLOWERS
"ต้นอ่อนทานตะวัน, ต้นทานตะวัน, ต้นอ่อน, sunflower sprouts, sunflower",ต้นอ่อนทานตะวัน | SUNFLOWER SPROUTS,"กก, กรัม, Kg, g., kg, กิโล, กิโลกรัม, โล",,ต้นอ่อนทานตะวัน | SUNFLOWER SPROUTS
ต้นอ่อนผักบุ้ง,ต้นอ่อนผักบุ้ง | MORNING GLORY SPROUTS,"กก, กรัม, Kg, g., kg, กิโล, กิโลกรัม, โล",,ต้นอ่อนผักบุ้ง | MORNING GLORY SPROUTS
"ผักน้ำ, watercress",ผักน้ำ | WATERCRESS,"กก, กรัม, Kg, g., kg, กิโล, กิโลกรัม, โล",,ผักน้ำ | WATERCRESS
"ต้นอ่อนกะหล่ำม่วง, red cabbage sprouts",ต้นอ่อนกะหล่ำม่วง | RED CABBAGE SPROUTS,"กก, กรัม, Kg, g., kg, กิโล, กิโลกรัม, โล",,ต้นอ่อนกะหล่ำม่วง | RED CABBAGE SPROUTS
"มะเขือเทศแฟนซี, Fancy tomato, Tomato fancy, tomato fancy",มะเขือเทศแฟนซี | FANCY TOMATO,"กก, กรัม, Kg, g., kg, กิโล, กิโลกรัม, โล",,มะเขือเทศแฟนซี | FANCY TOMATO
"สาลี่, สาลี, pear",สาลี่ | PEAR,"กก, กรัม, Kg, g., kg, กิโล, กิโลกรัม, โล",,สาลี่ | PEAR
"เชอร์รี่, เชอรรี่, เชอรี่, cherry",เชอร์รี่ | CHERRY,"กก, กรัม, Kg, g., kg, กิโล, กิโลกรัม, โล",,เชอร์รี่ | CHERRY
"มะม่วงดิบ, raw mango, green mango",มะม่วงดิบ,"กก, กรัม, Kg, g., kg, กิโล, กิโลกรัม, โล",,มะม่วงดิบ
"มังคุด, magosteen",มังคุด,"กก, กรัม, Kg, g., kg, กิโล, กิโลกรัม, โล",,มังคุด
"มะพร้าวควั่นติดเขียว, มะพร้าวเขียว, มะพร้าวน้ำหอมเขียว, มะพร้าวน้ำหอมควั่นเขียว, มะพร้าวควั่น, coconut, fresh coconut, diamond shape coconut",มะพร้าวน้ำหอม ควั่นติดเขียว,"กก, กรัม, Kg, g., ลูก,กิโล, กิโลกรัม, โล",,มะพร้าวน้ำหอม ควั่นติดเขียว
"ยี่หร่าฝรั่ง, เฟนเนล, เฟลเนล, fennel",ยี่หร่าฝรั่ง | Fennel,"กก, กรัม, Kg, g., kg, กิโล, กิโลกรัม, โล",,ยี่หร่าฝรั่ง | Fennel
"ผักโขมป๊อปอาย, popeye spinach",ผักโขมป๊อปอาย | Popeye Spinach,"กก, กรัม, Kg, g., kg, กิโล, กิโลกรัม, โล",,ผักโขมป๊อปอาย | Popeye Spinach
"ข้าวโพดหวานแกะเมล็ด, ข้าวโพดหวานแกะเม็ด",ข้าวโพดหวานแกะเมล็ด,"กก, กรัม, Kg, g., kg, กิโล, กิโลกรัม, โล",,ข้าวโพดหวานแกะเมล็ด
"มะขามหวาน, Sweet tamarind",มะขามหวาน,"กก, กรัม, Kg, g., kg, กิโล, กิโลกรัม, โล",,มะขามหวาน
"เห็ดนางรมหลวง, เห็ดนางรมหลวง ออรินจิ",เห็ดนางรมหลวง (ออรินจิ),"กก, กรัม, Kg, g., kg, กิโล, กิโลกรัม, โล",,เห็ดนางรมหลวง (ออรินจิ)
"สตอเบอร์รี่แช่แข็ง, สตอเบอรรี่แช่แข็ง, frozen strawberry",สตอเบอรี่แช่แข็ง,แพ็ค,,สตอเบอรี่แช่แข็ง
"สับปะรด ปัตตาเวีย, สัปปะรด ปัตตาเวีย, pattavia pineapple",สับปะรด ปัตตาเวีย,"กก, กรัม, Kg, g., kg, กิโล, กิโลกรัม, โล",,สับปะรด ปัตตาเวีย
"ส้มวาเลนเซีย, valencia orange",ส้มวาเลนเซีย,"กก, กรัม, Kg, g., ลูก,กิโล, กิโลกรัม, โล",,ส้มวาเลนเซีย
"เลมอน, เลม่อน, lemon",เลมอน | LEMON Pcs.,ลูก,,เลมอน | LEMON Pcs.
"มะเขือม่วงก้านดำ, purple eggplant black stem",มะเขือม่วงก้านดำ | PURPLE EGGPLANT BLACK STEM,"กก, กรัม, Kg, g., kg, กิโล, กิโลกรัม, โล",,มะเขือม่วงก้านดำ
เห็ดเข็มทอง 200g.,เห็ดเข็มทอง 200g.,,,เห็ดเข็มทอง 200g.
"เผือกหอม, เผือก, taro, taro root",เผือกหอม | Taro Root,"กก, กรัม, Kg, g., kg, กิโล, กิโลกรัม, โล",,เผือกหอม | Taro Root
"หน่อไม้ฝรั่ง ขาว, หน่อไม้ฝรั่งขาว, white asparagus",หน่อไม้ฝรั่ง ขาว | White Asparagus,"กก, กรัม, Kg, g., kg, กิโล, กิโลกรัม, โล",,หน่อไม้ฝรั่ง ขาว
"ข้าวคั่ว ไร้ทิพย์, ข้าวคั่ว",ข้าวคั่ว ไร่ทิพย์ 500g/Pack,"กก, กรัม, Kg, g., kg, กิโล, กิโลกรัม, โล",,ข้าวคั่ว ไร่ทิพย์ 500g/Pack
"โอชุ่น, โอชุน, โอโซน, โอซุ่น, wosun",โอชุ่น | Wosun,"กก, กรัม, Kg, g., kg, กิโล, กิโลกรัม, โล",,โอชุ่น | Wosun
"กล้วย Frozen, กล้วยแช่แข็ง, กล้วยโพเซน, frozen sliced banana",กล้วยหั่นแว่นแช่แข็ง | Frozen Sliced Banana,"กก, กรัม, Kg, g., kg, กิโล, กิโลกรัม, โล",,กล้วยหั่นแว่นแช่แข็ง | Frozen Sliced Banana
"ผักชีจีน, chinese coriander",ผักชีจีน | Chinese Coriander ,"กก, กรัม, Kg, g., kg, กิโล, กิโลกรัม, โล",,ผักชีจีน | Coriander Chinese
เห็ดเข็มทอง,เห็ดเข็มทอง | GOLDEN NEEDLE MUSHROOM 1 KG,"กก, กรัม, Kg, g., kg, กิโล, กิโลกรัม, โล",,เห็ดเข็มทอง | GOLDEN NEEDLE MUSHROOM 1 KG
"หัวไชเท้าญี่ปุ่น, Daikon",หัวไชเท้าญี่ปุ่น |  Daikon ,"กก, กรัม, Kg, g., kg, กิโล, กิโลกรัม, โล",,หัวไชเท้าญี่ปุ่น |  Daikon 
หอมเจียว,หอมเจียว 500g. ไร่ทิพย์,"กก, กรัม, Kg, g., kg, กิโล, กิโลกรัม, โล",,หอมเจียว 500g. ไร่ทิพย์
"ส้มจี๊ด, ส้มมะปี๊ด",ส้มจิ๊ด,"กก, กรัม, Kg, g., kg, กิโล, กิโลกรัม, โล",,ส้มจิ๊ด
"เกรปฟรุ๊ต, grapefruit","เกรปฟรุ๊ต | Grapefruit 
","กก, กรัม, Kg, g., kg, กิโล, กิโลกรัม, โล",,"เกรปฟรุ๊ต | Grapefruit 
"
"กล้วยน้ำหว้า, กล้วยน้ำว้า",กล้วยน้ำหว้า,"หวี, กก, กรัม, Kg, g., kg, กิโล, กิโลกรัม, โล",,กล้วยน้ำหว้า
"เบบี้สปิแนช, Baby Spinach, Baby สปีแนช, เบบี้ผักโขม, baby spinach",เบบี้ผักโขม | Baby spinach,"กก, กรัม, Kg, g., kg, กิโล, กิโลกรัม, โล",,เบบี้ผักโขม | Baby spinach
"หน่อไม้สด, หน่อไม้",หน่อไม้สด,"กก, กรัม, Kg, g., kg, กิโล, กิโลกรัม, โล",,หน่อไม้สด
"ซาลาเปาชีส, เต้าหู้ชีส ",ซาลาเปาชีส PFP,แพ็ค,,ซาลาเปาชีส PFP
วุ้นเส้น,วุ้นเส้น กิเลนคู่ 500 กรัม ,"แพ็ค, แพค",,วุ้นเส้น กิเลนคู่ 500 กรัม 
"มาม่าเปลือย, มาม่านู้ด, มาม่านู๊ด, มาม่าเปล่า, มาม่า",มาม่าเปลือย KKK,แพ็ค,,มาม่าเปลือย KKK
"ฟองเต้าหู้ ซีฟู๊ด, ฟองเต้าหู้ซีฟู๊ด, ฟองเต้าชีฟู๊ด",ฟองเต้าหู้ ซีฟู๊ด PFP,แพ็ค,,ฟองเต้าหู้ ซีฟู๊ด PFP
"ฟรีเช่, ฟรีเซ่, frisee ",ฟรีเซ่ | Frisée Lettuce,"กก, กรัม, Kg, g., kg, กิโล, กิโลกรัม, โล",,ฟรีเซ่ | Frisée Lettuce
"น้ำย่านาง, น้ำใบย่านาง",น้ำย่านาง ,"กก, กรัม, Kg, g., kg, กิโล, กิโลกรัม, โล",,น้ำย่านาง 
"รากบัวสด, fresh lotus root",รากบัวสด | Lotus Root,"กก, กรัม, Kg, g., kg, กิโล, กิโลกรัม, โล",,รากบัวสด | Lotus Root
"รากบัวแช่แข็ง, รากบัว",รากบัวแช่แข็ง | Frozen Lotus Root Sliced,"แพ็ค, กก",,รากบัวแช่แข็ง | Frozen Lotus Root Sliced
"มันหวานญี่ปุ่น, sweet potato",มันหวานญี่ปุ่น,"กก, กรัม, Kg, g., kg, กิโล, กิโลกรัม, โล",,มันหวานญี่ปุ่น
"ฮ่องเต้ ต้นใหญ่, เบบี้กวางตุ้ง, กวางตุ้งฮ่องเต้, กวางตุงเบบี๋, กวางตุ้งเบบี้, กวางตุ้ง เบบี้, กวางตุ้งเบบี๋, กวางตุ้งฮ่องเต้, ฮ่องเต้",ฮ่องเต้ (ต้นใหญ่),"กก, กรัม, Kg, g., kg, กิโล, กิโลกรัม, โล",,ฮ่องเต้ (ต้นใหญ่)
"กุ้งสด, fresh prawn",กุ้งสด,"กก, กรัม, Kg, g., kg, กิโล, กิโลกรัม, โล",,กุ้งสด
"ถุง 7*12, ถุง 7x12",ถุง 7x12,แพ็ค,,ถุง 7x12
"หมูหมักงา, หมูหมักน้ำมันงาแช่แข็ง, หมูหมักน้ำมันงา",หมูหมักน้ำมันงาแช่แข็ง,"กก, กรัม, Kg, g., kg, กิโล, กิโลกรัม, โล",,หมูหมักน้ำมันงาแช่แข็ง
ส้นในไก่,สันในไก่,"กก, กรัม, Kg, g., kg, กิโล, กิโลกรัม, โล",,สันในไก่
"ปีกบนไก่, ปีกไก่บน",ปีกบนไก่,"กก, กรัม, Kg, g., kg, กิโล, กิโลกรัม, โล",,ปีกบนไก่
"ข้าวเหนียว, ข้าวเหนียวเขี้ยวงู",ข้าวเหนียวเขี้ยวงู,"กก, กรัม, Kg, g., kg, กิโล, กิโลกรัม, โล",,ข้าวเหนียวเขี้ยวงู
"ถุง 5*8, ถุง 5x8, ถุงร้อน 5x8, ถุงร้อน 5*8",ถุงร้อน  5X8,"แพ็ค, ชิ้น",,ถุงร้อน  5X8
"น้ำปราร้า, น้ำปลาร้าไมค์",น้ำปลาร้า ตราไมค์ 330ml.,ขวด,,น้ำปลาร้า ตราไมค์ 330ml.
"เบคอน ไส้กรอก, เบค่อน, เบคอน, bacon, เบคอนพันไส้กรอก",เบคอนพันไส้กรอก 500G | Cocktail Rolled Bacon,"แพ็ค, ชิ้น",,เบค่อน ไส้กรอก 500 G
"หนังยางแดง, หนังยาง, ยางแดง, หนังยางวงเล็ก",ยางสีแดง (วงเล็ก),"แพ็ค, ชิ้น",,ยางแดงวงเล็ก
"โค๊ก, coke ",โค้กกระป๋อง 325ml. X6,"แพ็ค, ชิ้น",,โค๊ก กระป๋อง 325ml. (6 กระป๋อง/แพ็ค)
"ลำไย, longan, fresh longan",ลำไย,"กก, กรัม, Kg, g., kg, กิโล, กิโลกรัม, โล",,ลำไย
ชมพู่,ชมพู่,"กก, กรัม, Kg, g., kg, กิโล, กิโลกรัม, โล",,ชมพู่
"มะพร้าวน้ำหอม, มะพร้าวควั่นขาว, มะพร้าวขาว, มะพร้าวน้ำหอมควั่นขาว",มะพร้าวน้ำหอม ควั่นขาว,"กก, กรัม, Kg, g., kg, กิโล, กิโลกรัม, โล",,มะพร้าวน้ำหอม ควั่นขาว
"ทุเรียนหมอนทองแกะเนื้อ, fresh durian meat, durian freshcut",ทุเรียนหมอนทองแกะเนื้อ,"กก, กรัม, Kg, g., kg, กิโล, กิโลกรัม, โล",,ทุเรียนหมอนทองแกะเนื้อ
"มะเขือเทศแฟนซี สีเขียว, มะเขือเทศ แฟนซีสีเขียว, มะเขือเทศ แฟนซีเขียว",มะเขือเทศ แฟนซี (สีเขียว),"กก, กรัม, Kg, g., kg, กิโล, กิโลกรัม, โล",,มะเขือเทศ แฟนซี (สีเขียว)
"มะเขือเทศแฟนซีผสม, มะเขือเทศ แฟนซีผสม, มะเขือเทศ แฟนซีผสม",มะเขือเทศ แฟนซี (ผสม),"กก, กรัม, Kg, g., kg, กิโล, กิโลกรัม, โล",,มะเขือเทศ แฟนซี (ผสม)
"ถุงร้อน 3*5, ถุงร้อน 3x5, ถุง 3*5, ถุง 3x5, ถุงร้อน3x5",ถุงร้อน 3x5,แพ็ค,,ถุงร้อน 3x5
"ถุง 7*11, ถุง 7x11, ถุงร้อน 7*11, ถุงร้อน 7x11, ถุงรอ้น 7*11, ",ถุงร้อน 7x11,แพ็ค,,ถุงร้อน 7x11
เห็ดนางรม,เห็ดนางรม,"กก, กรัม, Kg, g., kg, กิโล, กิโลกรัม, โล",,เห็ดนางรม
"พริกเผา, พริกเผาตราฉั่วฮะเส็ง",พริกเผาตราฉั่วฮะเส็ง,"กระป๋อง, ถุง",,พริกเผาตราฉั่วฮะเส็ง
"น้ำจิ้มสุกี้ขวด, น้ำจิ้มสุกี้โบราณ",น้ำจิ้มสุกี้โบราณ ศุภวรรณ,ขวด,,น้ำจิ้มสุกี่โบราณ
"น้ำมะนาวขวด, น้ำมะนาว, น้ำมะนาวแท้คั้นสด, น้ำมะนาวคั้นสด",น้ำมะนาวขวด,ขวด,,น้ำมะนาวขวด
"บลูเบอร์รี่แช่แข็ง, บลูเบอรี่แช่แข็ง, บูเบอร์รี่แช่แข็ง, บูเบอรี่แช่แข็ง, frozen blueberry",บลูเบอรี่แช่แข็ง,แพ็ค,,บลูเบอรี่แช่แข็ง
ขนมจีน,ขนมจีน,"กก, กรัม, Kg, g., kg, กิโล, กิโลกรัม, โล",,ขนมจีน
"กะทิกล่อง, กะทิอร่อยดี, กะทิ",กะทิอร่อยดี 500 ml.,กล่อง,,กะทิอร่อยดี 500 ml.
ไก่บ้าน,ไก่บ้าน,ตัว,,ไก่บ้าน
"น้ำตาลปี๊บ, น้ำตาลปิ๊บ",น้ำตาลปิ๊บ,"กก, กรัม, Kg, g., kg, กิโล, กิโลกรัม, โล",,น้ำตาลปิ๊บ
"ไข่ไก่เบอร์ 2, ไข่ไก่เบอร์2, egg no2, egg no.2",ไข่ไก่ เบอร์ 2 | Chicken Egg no.2,แผง,,ไข่ไก่เบอร์ 2 
"ปีืนยิงแก๊ส, ปืนยิงแก๊ซ, ปืนยิงแกส, ปืนยิงแกซ",ปืนยิงแก๊ส,อัน,,ปืนยิงแก๊ส
"น้ำตาลทรายม น้ำตาลมิตรผล, น้ำตาลทรายขาว",น้ำตาลทราย มิตรผล 1 กก,"กก, กรัม, Kg, g., kg, ถุง, แพค, แพ็ค",,น้ำตาลทราย มิตรผล 1 กก
"มะเขือเทศราชินีเหลือง, มะเขือเทศราชินี สีเหลือง, 
มะเขือเทศราชินี เหลือง, yellow cherry tomato",มะเขือเทศราชินี เหลือง| YELLOW CHERRY TOMATO,"กก, กรัม, Kg, g., kg, กิโล, กิโลกรัม, โล",,มะเขือเทศราชินี เหลือง| CHERRY TOMATO
"มะเขือเทศราชินีส้ม, มะเขือเทศราชินี สีส้ม, orange cherry tomato",มะเขือเทศราชินี ส้ม| ORANGE CHERRY TOMATO,"กก, กรัม, Kg, g., kg, กิโล, กิโลกรัม, โล",,มะเขือเทศราชินี ส้ม| CHERRY TOMATO
"ถุง 2*18, ถุง 2x18",ถุง 2x18,แพ็ค,,ถุง 2x18
"มะเขือเทศราชินีเขียว, มะเขือเทศราชินี สีเขียว, green cherry tomato, 
มะเขือเทศโซลาริโน่เขียว, Solarino, green solarino",มะเขือเทศราชินี เขียว| GREEN CHERRY TOMATO,"กก, กรัม, Kg, g., kg, กิโล, กิโลกรัม, โล",,มะเขือเทศราชินี เขียว| CHERRY TOMATO
"มะยงชิด, มะยงชิต, marian plum, fresh marian plum",มะยงชิด,"กก, กรัม, Kg, g., kg, กิโล, กิโลกรัม, โล",,มะยงชิด
ไม้เสียบลูกชิ้น 6 นิ้ว,ไม้เสียบลูกชิ้น 6 นิ้ว,แพ็ค,,ไม้เสียบลูกชิ้น 6 นิ้ว
"ไข่นกกระทา, ไข่นกกะทาม, quial egg",ไข่นกกระทา | QUIAL EGG,ฟอง,,ไข่นกกระทา
"กระดูกขาวัว, กระดูกวัว, Cow Leg Bone",กระดูกข้อขาวัว | Cow Leg Bone,"กก, กรัม, Kg, g., kg, กิโล, กิโลกรัม, โล",,กระดูกขาตั้งวัว
"ถุงร้อน 12*18, ถุง 12*18, ถุงร้อน 12x18, ถุง 12x18",ถุงร้อน 12x18,แพ็ค,,ถุงร้อน 12x18
"ไข่ไก่เบอร์ 4, egg no4, egg no.4",ไข่ไก่ เบอร์ 4 | Chicken Egg no.4,แผง,,ไข่ไก่เบอร์ 4
"ไข่ไก่เบอร์ 1, egg no1, egg no.1",ไข่ไก่ เบอร์ 1 | Chicken Egg no.1,แผง,,ไข่ไก่เบอร์ 1
"ปลานิน, ปลานิล, tilapia",ปลานิล | Tilapia,ตัว,,ปลานิล
"ข้าวสาร, ข้าวสวย",ข้าวสาร,กระสอบ,,ข้าวสาร
"กะหล่ำปลีช้าง, ปลีช้าง, กะหล่ำปลีพันธุ์ช้าง, กะหล่ำปลีพันธ์ช้าง, กะหล่ำช้าง",กะหล่ำปลีช้าง,"กก, กรัม, Kg, g., kg, กิโล, กิโลกรัม, โล",,กะหล่ำปลีช้าง
"เห็ดหูหนูขาวแห้ง, หูหนูขาวแห้ง",เห็ดหูหนูขาวแห้ง 500g,"แพ็ค, แพค",,เห็ดหูหนูขาวแห้ง 500g
"ถุงซิป 5*7, ถุงซิป 5x7, ถุงซิปล็อก 5*7,ถุงซิปล็อก 5x7, ถุงซิปล็อก5*7cm",ถุงซิปล๊อค 5x7,"แพ็ค, แพค",,ถุงซิปล๊อค 5x7
"ถุงหิ้ว 12*20, ถุงหิ้ว 12x20, ถุงหิ้ว 12 × 20, ถุงหิ้ว 12*20,ถุงหิ้วใส 12*20, ถุงหิ้วใส 12x20",ถุงหิ้ว 12x20 เกรดบี เนื้อขุ่น หนา,"แพ็ค, แพค",,ถุงหิ้ว 12x20 เกรดบี เนื้อขุ่น หนา
"ถุงเย็น 6*9, ถุง 6*9, ถุง 6x9, ถุง 6x9",ถุงเย็น 6x9,"แพ็ค, แพค",,ถุงเย็น 6x9
"ถุงเย็น 5*8, ถุง 5*8, ถุง 5x8, ถุง 5x8",ถุงเย็น 5x8,"แพ็ค, แพค",,ถุงเย็น 5x8
"หลอดดูดน้ำ, หลอดน้ำ, หลอด",หลอดดูดน้ำยาวห่อกระดาษ,"แพ็ค, แพค",,หลอดดูดน้ำยาวห่อกระดาษ
"ถุงมือ, ถุงมือแพทย์สีดำ, ถุงมือแพทย์สีดำไซซ์ M, ถุงมือดำM",ถุงมือทำอาหารสีดำ size M,"แพ็ค, แพค, กล่อง",,ถุงมือทำอาหารสีดำ size M
"เห็ดเข็มทองตัดราก, เห็ดเข็มทอง (ตัดราก)",เห็ดเข็มทอง | GOLDEN NEEDLE MUSHROOM 1 KG (ตัดราก),"กก, กรัม, Kg, g., kg, กิโล, กิโลกรัม, โล",,เห็ดเข็มทอง | GOLDEN NEEDLE MUSHROOM 1 KG (ตัดราก)
"ถุงร้อน 8*16, ถุงร้อน 8x16, ถุง 8*16, ถุง 8x16",ถุงร้อน 8x16,"แพ็ค, แพค",,ถุงร้อน 8x16
"มะเขือเทศแฟนซี สีส้ม, มะเขือเทศแฟนซีส้ม, มะเขือเทศ แฟนซี ส้ม, มะเขือเทศ แฟนซี สีส้ม",มะเขือเทศ แฟนซี (สีส้ม),"กก, กรัม, Kg, g., kg, กิโล, กิโลกรัม, โล",,มะเขือเทศ แฟนซี (สีส้ม)
"ไส้เป็ด, ใส้เป็ด, duck intestine",ไส้เป็ด | Duck Intestine,"กก, กรัม, Kg, g., kg, กิโล, กิโลกรัม, โล",,ไส้เป็ด
"ก้ามปู, ก้ามปูยักษ์, ก้ามปูยัก, ก้ามปูยักษ์แช่แข็ง  ",ก้ามปูยักษ์แช่แข็ง PFP,แพ็ค,,ก้ามปูยักษ์แช่แข็ง PFP
"ฟองเต้าหู้ชีส, ฟองหู้ชีส",ฟองเต้าหู้ชีส (ม่วง) PFP,แพ็ค,,ฟองเต้าหู้ชีส (ม่วง) PFP
"อะลูมิเนียมฟอย 45*90, อะลูมิเนียมฟรอย 45*90",อะลูมิเนียมฟอย 45x90,แพ็ค,,อะลูมิเนียมฟอย 45x90
"น้ำมันพืช ตราเกสร, น้ำมันปาล์มตราเกสร, น้ำมันเกสร",น้ำมันปาล์มตราเกสร,"ถุง, แพ็ค",,น้ำมันปาล์มตราเกสร
ถั่วลิสง,ถั่วลิสง ไร้ทิพย์ 500g,แพ็ค,,ถั่วลิสง ไร้ทิพย์ 500g
หลอด,หลอดพลาสติก,แพ็ค,,หลอดพลาสติก
"นมจืด, นมรสจืด, นมเมจิ",นมเมจิสดรสจืด MEIJI MILK PLAIN 2L.,"แกลลอน, ลิตร",,นมเมจิสดรสจืด MEIJI MILK PLAIN 2L.
"น้ำผึ้งสด, น้ำผึ้ง",น้ำผึ้ง,"กก, กรัม, Kg, g., kg, กิโล, กิโลกรัม, โล",,น้ำผึ้ง
"ถุงร้อน 6*4, ถุงร้อน 6x4, ถุง 6x4, ถุง 6*4",ถุงร้อน 6x4,แพ็ค,,ถุงร้อน 6x4
"ถุงเย็น 8*12, ถุงเย็น 8x12, ถุง 8x12, ถุง 8*12",ถุงเย็น 8x12,แพ็ค,,ถุงเย็น 8x12
"นมข้นจืด, นมคาร์เนชั่น, นมข้นจืดไข่เจียว, นมคาเนชั่นแบบข้นจืด, นมคาร์เนชันรูปไข่เจียว",นมข้นจืด (ไข่เจียว) ตราคาร์เนชั่น ขนาด 405g.,กล่อง,,นมข้นจืด (ไข่เจียว) ตราคาร์เนชั่น ขนาด 405g.
"โอ๊ตไซด์, นมโอ๊ต, OATSIDE, โอ้ตไซด์",OATSIDE น้ำนมข้าวโอ๊ต รสจืด 1L.,กล่อง,,OATSIDE น้ำนมข้าวโอ๊ต รสจืด 1L.
"น้ำมันปาล์มดอกไม้, น้ำมันดอกไม้, น้ำมันพืชดอกไม้",น้ำมันปาล์ม ตรา ดอกไม้,"ถุง, แพ็ค",,น้ำมันปาล์ม ตรา ดอกไม้
"น้ำปลาหอยเป๋าฮื้อ, น้ำปลาเป๋าฮื้อ, น้ำปลาตราหอยเป๋าฮื้อ",น้ำปลาแท้ ตราหอยเป๋าฮื้อ 300 มล.,ขวด,,น้ำปลาแท้ ตราหอยเป๋าฮื้อ 300 มล.
"เกลือแกง, เกลือไอโอดีน, เกลือบริโภค, เกลือ",เกลือบริโภคเสริมไอโอดีน 50g. x 12pcs (เกลือแกง),แถว,,เกลือบริโภคเสริมไอโอดีน 50g. x 12pcs (เกลือแกง)
"แป้งทอดกรอบ, โกกิ, แป้งโกกิ, แป้งชุบทอด",โกกิ แป้งทอดกรอบ 500g.,"ถุุง, แพค, แพ็ค",,โกกิ แป้งทอดกรอบ 500g.
"ซอสศรีราชา, ซอสพริก, ซอสพริกศรีราชา, 
ซอสพริกศรีราชาพาณิช",ซอสพริกศรีราชา,ขวด,,ซอสพริกศรีราชา
"ไส้กรอกชีส, ไส้กรอก ชีส",ไส้กรอกชีส,ถุง,,ไส้กรอกชีส
"น้ำพริกเผา 720ml, น้ำพริกเผาฉั่วฮะเส็งใหญ่, น้ำพริกเผา",น้ำพริกเผา (ตราฉั่วฮะเส็ง) 720 ml.,ขวด,,น้ำพริกเผา (ตราฉั่วฮะเส็ง) 720 ml.
"บุกม้วน, บุกโมกิ, บุกม้วนโมกิ",บุกม้วน ตราโมกิ 2kg,"กก, แพ็ค",,บุกม้วน ตราโมกิ 2kg
"ถุงมือดำ L, ถุงมือแพทย์ L, ถุงมือ L",ถุงมือทำอาหารสีดำ size L,แพ็ค,,ถุงมือทำอาหารสีดำ size L
"น้ำตาลแดง, น้ำตาลทรายแดง, น้ำตาลแดงมิตรผล, โอถึ้งตาลทรายแดง, โอถึ้งน้ำตาลทรายแดง",น้ำตาลทรายแดง ตรามิตรผล 1kg.,กก,,น้ำตาลทรายแดง ตรามิตรผล 500g.
"เกลือป่น, เกลือปรุงทิพย์, เกลือป่นปรุงทิพย์",เกลือป่น ตราปรุงทิพย์,แพ็ค,,เกลือป่น ตราปรุงทิพย์
"กวางตุ้งดอก, กวางตุ้งใบดอก",กวางตุ้งดอก,"กก, กรัม, Kg, g., kg, กิโล, กิโลกรัม, โล",,กวางตุ้งดอก
"เก๋ากี้, เก๋ากี, โกจิเบอร์รี่, เก้ากี่",เก๋ากี้,"กก, กรัม, Kg, g., kg, กิโล, กิโลกรัม, โล",,เก๋ากี้
"พุทราแห้ง, พุทรา, ผลพุทรา",พุทราจีนแห้ง,"กก, กรัม, Kg, g., kg, กิโล, กิโลกรัม, โล",,พุทราจีนแห้ง
"เห็ดพอร์โตเบลโล, เห็ดพอตทาเบลโล, Portobello, เห็ดขนาดใหญ่ม เห็ดพอททาเบลโล่, potabello, เห็ดพอทโทเบโล่",เห็ดพอททาเบลโล่ | Portobello Mushroom,"กก, กรัม, Kg, g., kg, กิโล, กิโลกรัม, โล",,เห็ดพอททาเบลโล่ | Portobello Mushroom
"น้ำมันถั่วเหลือง, น้ำมันตราองุ่น, น้ำมันองุ่น",น้ำมันถั่วเหลือง ตราองุ่น,"ถุง, แพ็ค",,น้ำมันถั่วเหลือง ตราองุ่น
"ขมิ้นป่น, ผงขมิ้น, Turmeric powder",ขมิ้นป่น ตรา Ground Turmeric 500g ,ขวด,,ขมิ้นป่น ตรา Ground Turmeric 500g 
"ถุงหิ้ว 8*16, ถุงหิ้ว 8x16, ถุง 8x16 หิ้ว",ถุงหิ้ว 8x16,แพ็ค,,ถุงหิ้ว 8x16
"ถุงหิ้ว 9*18, ถุงหิ้ว 9x18, ถุง 9x18 หิ้ว",ถุงหิ้ว 9x18,แพ็ค,,ถุงหิ้ว 9x18
"พริกหม่าล่า, ผงหม่าล่า, พริกผงหม่าล่า",พริกผงหม่าล่า 250g.,แพ็ค,,พริกผงหม่าล่า 250g.
"ใยขัด, สก๊อตไบรท์, ฟองน้ำขัด, โพลีไบรท์","โพลี-ไบรท์ ใยขัดอเนกประสงค์ 3x4""",แพ็ค,,"โพลี-ไบรท์ ใยขัดอเนกประสงค์ 3x4"""
"ถุงขยะ 36x45, ถุงดำ 36x45, ถุงขยะใหญ่, ถุงดำใช้ใหญ่ 36 × 45, ถุงดำใช้ใหญ่36×45, ถุงขยะไซส์ 36*45",ถุงขยะดำ 36x45,"แพ็ค, กก",,ถุงขยะดำ 36x45
"นมข้นหวาน, นมหวาน, นมข้นหวานกระป๋อง, นมข้นหวานคาร์เนชัน",นมข้นหวาน | SWEETENED CONDENSED MILK 388ml.,กระป๋อง,,นมข้นหวาน | SWEETENED CONDENSED MILK 388ml.
"ถั่วลิสงป่น, ถั่วป่น, ถั่วบดป่น",ถั่วลิสงป่น ตราไร่ทิพย์ 500g,"แพ็ค, ถุง",,ถั่วลิสงป่น ตราไร่ทิพย์ 500g
"บล็อคโคลี่แช่แข็ง, บล็อกโคลีแช่แข็ง, บร็อคโคลีแช่แข็ง, บอกคลีแซ่แข้ง, ผักบรอกโครีแช่แข็ง, frozen broccoli",บล็อคโคลี่แช่แข็ง | Frozen Broccoli,"แพ็ค, กก",,บล็อคโคลี่แช่แข็ง | Frozen Broccoli
"ข้าวหอมมะลิ 5 กก, ข้าวเบญจรงค์, ข้าวหอมมะลิเบญจรงค์",เบญจรงค์ ข้าวหอมมะลิ 5 กก.,ถุง,,เบญจรงค์ ข้าวหอมมะลิ 5 กก.
"ถุงร้อน 4*7, ถุงร้อน 4x7, ถุง 4x7, ถุง 4*7",ถุงร้อน 4x7,"แพ็ค, ถุง",,ถุงร้อน 4x7
"ถุงร้อน 4*6, ถุงร้อน 4x6, ถุง 4x6, ถุง 4*6, ถุงร้อน4x6",ถุงร้อน 4x6,"แพ็ค, ถุง",,ถุงร้อน 4x6
"แอทแทค, ผงซักฟอกแอทแทค, ผงซักฟอกซากุระ",แอทแทค อีซี่ ผงซักฟอก กลิ่นซากุระสวีท 2.5kg.,ถุง,,แอทแทค อีซี่ ผงซักฟอก กลิ่นซากุระสวีท 2.5kg.
"พริกป่น, พริกป่นไร่ทิพย์",พริกป่น ตรา ไร่ทิพย์ 500 g,"แพ็ค, ถุง",,พริกป่น ตรา ไร่ทิพย์ 500 g
"ฮวาเจียว, เม็ดหม่าล่า, พริกไทยเสฉวน, ฮวาเจียวเขียว",ฮวาเจียว เม็ดหม่าล่า 250 g,"แพ็ค, ถุง",,ฮวาเจียว เม็ดหม่าล่า 250 g
"น้ำยาล้างจาน, ซันไลต์, น้ำยาซันไลต์, ซันไลท์",น้ำยาล้างจาน ซันไลต์ เลมอนเทอร์โบ 3200ml,"แกลลอน, แกลอน, ขวด",,น้ำยาล้างจาน ซันไลต์ เลมอนเทอร์โบ 3200ml
"ถุงร้อน 6*9, ถุงร้อน 6x9, ถุง 6x9 ร้อน",ถุงร้อน 6x9,"แพ็ค, ถุง",,ถุงร้อน 6x9
"ถุงหิ้ว 6*14, ถุงหิ้ว 6x14, ถุง 6x14",ถุงหิ้ว 6x14,"แพ็ค, ถุง",,ถุงหิ้ว 6x14
"เชือกมัด, เชือกพัสดุ, เชือกฟาง",เชือกมัดพัสดุ,"ชิ้น, ม้วน",,เชือกมัดพัสดุ
"ผงชูรส, อายิโนะโมโต๊ะ, ผงชูรสอายิโนะ",ผงชูรส อายิโน๊ะโมโต๊ะ,"แพ็ค, ถุง",,ผงชูรส อายิโน๊ะโมโต๊ะ
"น้ำมันรำข้าว, น้ำมันคิงส์, น้ำมันรำข้าวคิงส์",น้ำมันรำข้าว ตราคิงส์ 1000ml.,"ขวด, กก",,น้ำมันรำข้าว ตราคิงส์ 1000ml.
"ถุงหิ้ว 15*22, ถุงหิ้ว 15x22, ถุง 15x22",ถุงหิ้ว 15x22,แพ็ค,,ถุงหิ้ว 15x22
"ถั่วลูกไก่, ถั่วชิกพี, ถั่วแขกกลม",ถั่วลูกไก่,"กก, กรัม, Kg, g., kg, กิโล, กิโลกรัม, โล",,ถั่วลูกไก่
"หมูสับ, เนื้อหมูสับ, pork mince",หมูสับ | Pork Mince,"กก, กรัม, Kg, g., kg, กิโล, กิโลกรัม, โล",,หมูสับ
"ไก่สด, whole chicken",ไก่สด | Whole Chicken,"กก, กรัม, Kg, g., kg, กิโล, กิโลกรัม, โล",,ไก่สด
"พริกขี้หนูสวนเด็ด, พริกสวนไร้ก้าน, green bird chilli no stem",พริกขี้หนูสวน เด็ดก้าน | GARDEN BIRD CHILLI NO STEM,"กก, กรัม, Kg, g., kg, กิโล, กิโลกรัม, โล",,พริกขี้หนูสวน เด็ดก้าน | GARDEN BIRD CHILLI
"เต้าหู้ปลา, เต้าหู้ปลามิกิ, ฟิชเค้ก",เต้าหู้ปลามิกิ PFP,"แพ็ค, ถุง",,เต้าหู้ปลามิกิ PFP
"น้ำปลาร้าแม่บุญล้ำ, ปลาร้าแม่บุญล้ำ, น้ำปลาร้าขวดตราแม่บุญล้ำ, น้ำปลาร้า",น้ำปลาร้า ตราแม่บุญล้ำ 400ml.,ขวด,,น้ำปลาร้า ตราแม่บุญล้ำ 400ml.
"มะม่วงเบา, มะม่วงเบาดิบ, baby green mango",มะม่วงเบาดิบ | BABY GREEN MANGO,"กก, กรัม, Kg, g., kg, กิโล, กิโลกรัม, โล",,มะม่วงเบาดิบ | BABY GREEN MANGO
"กะทิอร่อยดี 1 ลิตร, กะทิ 1000ml, กะทิกล่องใหญ่, กะทิอร่อยดีกล่องใหญ่",กะทิอร่อยดี 1000 ml.,กล่อง,,กะทิอร่อยดี 1000 ml.
"บะหมี่ไข่, เส้นบะหมี่, egg noodles, egg noodle",บะหมี่ไข่ | Egg Noodle 500g.,"แพ็ค, ถุง",,บะหมี่ไข่
"ถุงขยะเล็ก 18x20, ถุงดำเล็ก, ถุงขยะดำ 18x20",ถุงขยะดำเล็ก 18x20,"แพ็ค, ถุง",,ถุงขยะดำเล็ก 18x20
"ถุงขยะ 30x40, ถุงดำ 30x40, ถุงขยะดำ30*40, ถุงขยะดำ30*40",ถุงขยะดำ 30x40,"แพ็ค, ถุง",,ถุงขยะดำ 30x40
"ถุงซิป 6*8, ถุงซิป 6x8, ถุงซิปล็อค 6x8",ถุงซิปล๊อค 6x8,"แพ็ค, ถุง",,ถุงซิปล๊อค 6x8
"พริกเขียวเกาหลี, พริกยำเกาหลี, พริกเขียวยาว",พริกยำเขียวเกาหลี | Long Green Cayenne,"กก, กรัม, Kg, g., kg, กิโล, กิโลกรัม, โล",,พริกยำเขียวเกาหลี | Long Green Cayenne
"ตะเกียบ, ตะเกียบไม้, ตะเกียบไม้ไผ่",ตะเกียบไม้ไผ่ ตราAro ห่อกระดาษ 1x100,"แพ็ค, ถุง",,ตะเกียบไม้ไผ่ ตราAro ห่อกระดาษ 1x100
"ไข่เป็ด, ไข่เป็ดเบอร์ 21, duck egg",ไข่เป็ด เบอร์ 21 | Duck Egg no.21,แผง,,ไข่เป็ด เบอร์ 21
แก๊สกระป๋อง,แก๊สกระป๋อง,ชิ้น,,แก๊สกระป๋อง
"กระเทียมป่น, กระเทียมป่น ตรามือที่1",กระเทียมป่น ตรามือที่ 1 500g,"แพ็ค, ถุง",,กระเทียมป่น
"ขมิ้นป่น ตรามือ, ขมิ้นป่น ตรามือที่ 1",ขมิ้นป่น ตรามือที่ 1 500g ,"แพ็ค, ถุง",,ขมิ้นป่น ตรามือที่ 1 500g 
ไม้จิ้มฟันซองกระดาษ,ไม้จิ้มฟันซองกระดาษ 500 ชิ้น,"แพ็ค, ถุง",,ไม้จิ้มฟันซองกระดาษ 500 ชิ้น
"หัวพ่นไฟ, หัวพ่นอาหาร",หัวพ่นไฟแก๊สกระป๋อง หัวพ่นอาหาร Lucky Flame,ชิ้น,,หัวพ่นไฟแก๊สกระป๋อง หัวพ่นอาหาร Lucky Flame
"หมูสามชั้น, หมูสามชั้นแผ่น",หมูสามชั้นแผ่น,"กก, กรัม, Kg, g., kg, กิโล, กิโลกรัม, โล",,หมูสามชั้นแผ่น
"มันหมูแข็งแผ่น, มันหมูแผ่น",มันหมูแข็งแผ่น,"กก, กรัม, Kg, g., kg, กิโล, กิโลกรัม, โล",,มันหมูแข็งแผ่น
"อสร, น้ำส้มสายชูกลั่น",อสร. น้ำส้มสายชูกลั่น 5% 5L.,"แกลลอน, แกลอน, ขวด",,อสร. น้ำส้มสายชูกลั่น 5% 5L.
"เรดไวน์, Mont Clair, red wine","เรดไวน์ MONT CLAIR Red Celebration 3L., เรดไวน์","กล่อง, ขวด",,เรดไวน์ MONT CLAIR Red Celebration 3L.
น้ำมันพริกเผา,น้ำมันพริกเผา ตราฉั่วฮะเส็ง ,ขวด,,น้ำมันพริกเผา ตราฉั่วฮะเส็ง 
"ครีมเทียมดรัมมี่, ครีมเทียมผงดรีมมี่",ครีมเทียมผง คอฟฟี่เมท ตราดรีมมี่,"แพ็ค, ถุง",,ครีมเทียมผง คอฟฟี่เมท ตราดรีมมี่
น่องไก่,น่องไก่,"กก, กรัม, Kg, g., kg, กิโล, กิโลกรัม, โล",,น่องไก่
"สะโพกไก่เลาะกระดูก, boneless chicken thigh",สะโพกไก่เลาะกระดูก | Boneless Chicken Thigh,"กก, กรัม, Kg, g., kg, กิโล, กิโลกรัม, โล",,สะโพกไก่เลาะกระดูก 
ขิงอ่อน,ขิงอ่อน,"กก, กรัม, Kg, g., kg, กิโล, กิโลกรัม, โล",,ขิงอ่อน
"โครงไก่, ซี่โครงไก่",โครงไก่ | Chicken Carcass,"กก, กรัม, Kg, g., kg, กิโล, กิโลกรัม, โล",,ซี่โครงไก่
กระเทียมเจียว,กระเทียมเจียว ไร่ทิพย์ 500g.,"กก, กรัม, Kg, g., kg, แพค, ถุง, แพ็ค",,กระเทียมเจียว ไร่ทิพย์ 500g.
"เส้นเวียดนาม, เส้นก๋วยจั๊บเวียดนาม, ก๊วยจั๊บเวียดนาม",เส้นก๋วยจั๊บเวียดนาม,"กก, กรัม, Kg, g., kg, แพค, ถุง, แพ็ค",,เส้นก๋วยจั๊บเวียดนาม
แหนมซี่โครง,แหนมซี่โครงหมูดอนเมือง ตราเจริญศรี 200g.,"แพ็ค, ถุง, แพค",,แหนมซี่โครงหมูดอนเมือง ตราเจริญศรี 200g.
"ผักกาดดองนกพิราบ, ผักกาดดองนกพิราบ 230g",นกพิราบผักกาดดองเค็ม ฝาดึง 230g.,"แพ็ค, ถุง, แพค, กระป๋อง",,นกพิราบผักกาดดองเค็ม ฝาดึง 230g.
"เฟรนฟราย, เฟรนซ์ฟรายส์, เฟรนซ์ฟรายซ์, เฟรนส์ฟรายส์",เอโร่ เฟรนช์ฟรายส์แช่แข็ง เส้นตรงเล็ก ขนาด 7 mm.,"แพ็ค, ถุง, แพค",,เอโร่ เฟรนช์ฟรายส์แช่แข็ง เส้นตรงเล็ก ขนาด 7 mm.
"มาลีลิ้นจี่, ลิ้นจี่กระป๋อง, ลิ้นจี่มาลี ",มาลีลิ้นจี่กระป๋อง MALEE LYCHEE IN SYRUP 20 OZ.,กระป๋อง,,มาลีลิ้นจี่กระป๋อง MALEE LYCHEE IN SYRUP 20 OZ.
"พริกมาล่า, พริกป่นหม่าล่า, พริกหม่าล่า, พริกหมาล่าถุงเหลือง, พริกหมาล่าถุงเหลือง, ผงหมาล่าถุงสีเหลือง",พริกป่น หม่าล่า 200g. ซองเหลือง,"แพ็ค, ถุง, แพค",,พริกป่น หม่าล่า 200g. ซองเหลือง
"น้ำจิ้มสุกี้, น้ำจีมสุกี้",เอโร่ น้ำจิ้มสุกี้ สูตรกวางตุ้ง 1 กก.,"แพ็ค, ถุง, แพค",,เอโร่ น้ำจิ้มสุกี้ สูตรกวางตุ้ง 1 กก.
"หอมแดงไทยปลอก, หอมแดงไทปลอก, หอมแดงไทยปอก, หอมแดงไทย ปลอก, หอมแดง*ไทย*ปอกเปลือก, peeled thai red onion",หอมแดงไทย ปลอก | PEELED THAI RED ONION,"กก, กรัม, Kg, g., kg, กิโล, กิโลกรัม, โล",,หอมแดงไทย ปลอก | THAI RED ONION
"แป้งขนมปัง หงส์ถุงเขียว, แป้งขนมปังเขียว",แป้งขนมปัง ตราหงส์ขาว 1 กก. สีเขียว,"กก, กรัม, Kg, g., kg, แพค, ถุง, แพ็ค,กิโล, กิโลกรัม, โล",,แป้งขนมปัง ตราหงส์ขาว 1 กก. สีเขียว
"แป้งอเนกประสงค์, แป้งสีฟ้า, แป้งสาลี ตราว่าว",แป้งอเนกประสงค์ ตราว่าว 1 กก. สีฟ้า,"กก, กรัม, Kg, g., kg, แพค, ถุง, แพ็ค,กิโล, กิโลกรัม, โล",,แป้งอเนกประสงค์ ตราว่าว 1 กก. สีฟ้า
ตะเกียบทั่วไป,ตะเกียบทั่วไป,"แพ็ค, ถุง",,ตะเกียบทั่วไป
งาดำ,งาดำ ตราไร่ทิพย์ 500g.,"แพ็ค, ถุง",,งาดำ ตราไร่ทิพย์ 500g.
นมข้นหวานแบบถุง,นมข้นหวานแบบถุง,"แพ็ค, ถุง",,นมข้นหวานแบบถุง
"ซันนี่เดย์, มันฝรั่งเกลียว, เคอรี่ฟาย มันฝรั่งแบบเกลียว ",ซันนี่เดย์โกลด์ มันฝรั่งเส้นเกลียว ปรุงรสแช่แข็ง 450g.,"แพ็ค, ถุง",,ซันนี่เดย์โกลด์ มันฝรั่งเส้นเกลียว ปรุงรสแช่แข็ง 450g.
"แม๊กโม่, แม๊กซ์โม่, กระดาษแบบแผ่น, ทิชชู่แผ่น",แม๊กซ์โม่ กระดาษอเนกประสงค์ แบบแผ่น 85 แผ่น,"แพ็ค, ถุง, ชิ้น",,แม๊กซ์โม่ กระดาษอเนกประสงค์ แบบแผ่น 85 แผ่น
"สก็อต, สก็อตต์, กระดาษแบบม้วน, ทิชชู่ม้วน, SCOTT",SCOTT กระดาษอเนกประสงค์แบบม้วน รุ่นทาวเวลพิกอะไซส์ (2 ม้วน/แพ็ค),"แพ็ค, ถุง, ชิ้น, ม้วน",,SCOTT กระดาษอเนกประสงค์แบบม้วน รุ่นทาวเวลพิกอะไซส์ (2 ม้วน/แพ็ค)
"กวงโย่ว, กวงโยว, เส้นมันเทศ, เส้นมันหวาน, วุ้นเส้นเกาหลี, มันเทศเกาหลี",กวงโย่ว เส้นมันหวาน สีเหลือง 400g.,"แพ็ค, ถุง",,กวงโย่ว เส้นมันหวาน สีเหลือง 400g.
"ดอกกุยช่าย, ดอกช่าย, ดอกกุนช่าย, ดอกกุยชาย, flowering chives",ดอกกุยช่าย | Flowering Chives,"กก, กรัม, Kg, g., kg,กิโล, กิโลกรัม, โล",,ดอกกุยช่าย | Flowering Chives
"ปีกไก่กลาง, ปีกกลางไก่",ปีกไก่กลาง,"กก, กรัม, Kg, g., kg,กิโล, กิโลกรัม, โล",,
"น้ำเทียมดอง, น้ำกระเทียมดอง, น้ำกะเทียมดอง",น้ำกระเทียมดอง,ขวด,,
"ปลาส้ม, ปาส้ม, ปลาส่ม",ปลาส้ม,"กก, กรัม, Kg, g., kg,กิโล, กิโลกรัม, โล",,
"มะเขือเทศ Heirloom, มะเขือเทศแฮลูม",มะเขือเทศ Heirloom tomato,"กก, กรัม, Kg, g., kg,กิโล, กิโลกรัม, โล",,
"น้ำมันรำข้าว ตราคิง 5 ลิตร, น้ำมันรำข้าว ตราคิงส์ 5L.",น้ำมันรำข้าว ตราคิงส์ 5L.,"กก, กรัม, Kg, g., kg, แพค, ถุง, แพ็ค, แกลอน, แกลลอน",,
"ครีมเทียม, ครีมเทียมข้น, ครีมเทียมข้นหวาน",ครีมเทียมข้นหวาน ตราซันเบิร์ด 2kg.,"แพ็ค, ถุง, แพค",,
"เป็ดสด, เป็ดตัว",เป็ดสด (ตัว),"กก, กรัม, Kg, g., kg, ตัว,กิโล, กิโลกรัม, โล",,
"สับปะรดแช่แข็ง, สัปปะรดแช่แข็ง, สัปะรดแช่แข็ง, สับปะรด แช่แข็ง, frozen pineapple",สับปะรดแช่แข็ง,"กก, กรัม, Kg, g., kg,กิโล, กิโลกรัม, โล",,
"โยเกิร์ตดัชชี่, โยเกิร์ต ดัชชี่, yogurt dutchie",โยเกิร์ต ดัชชี่,"ถ้วย, ชิ้น, pcs",,
งาขาว,งาขาว ไร่ทิพย์ 500g,"แพ็ค, ถุง, ชิ้น, แพค",,
"แปรงขัดพื้น, แปลงขัดพื้น, แปรงขัดพื้น ด้ามยาว",แปรงขัดพื้น ด้านยาว,"อัน, ด้าม, ชิ้น, pcs",,
"คนอร์ ซุปเนื้อ, คนอร์ก้อนกระปุก รสเนื้อ",คนอร์ ซุปเนื้อ ชนิดก้อนกึ่งสำเร็จรูป 1.5 Kg,แพ็ค,,
กล่องพลาสติก,กล่องพลาสติก 1 ช่อง 1000 ml. 1x25,แพ็ค,,
"สตอเบอร์เบอร์รี่ USA,USA,usa",สตอเบอร์รี่ Strawberry USA Pack 12 (250g.),แพ็ค,,
ลูกชิ้นปลา,ลูกชิ้นปลา,"กก, กรัม, Kg, g., kg, กิโล, กิโลกรัม, โล,ถุง,แพ็ค",,
"เสือร้องไห้, เนื้อเสื้อร้องไห้, brisket",เนื้อเสื้อร้องไห้ | Brisket,"กก, กรัม, Kg, g., kg, กิโล, กิโลกรัม, โล",,
นักเก็ตไก่,เอโร่ นักเก็ตไก่แช่แข็ง 1 Kg.,แพ็ค,,
"อโวคาโด กก, avocado kg",อโวคาโด แฮส | HASS AVOCADO kg.,"กก, กรัม, Kg, g., kg, กิโล, กิโลกรัม, โล",,
สตอเบอร์เบอร์รี่ USA ถาด,สตอเบอร์รี่ Strawberry USA Tray 12 (250g.),แพ็ค,,
"เห็ดเข็มทองมากิ, ",เห็ดเข็มทอง | GOLDEN NEEDLE MUSHROOM 100g.,แพ็ค,,
Bertolli Extra Virgin Olive Oil 1L.,Bertolli Extra Virgin Olive Oil 1L.,ขวด,,
ชุดซอยจุ๊,ชุดซอยจุ๊เนื้อวัวสด,"กก, กรัม, Kg, g., kg, กิโล, กิโลกรัม, โล",,
กระเทียมดองน้ำผึ้ง,กระเทียมโทนดองน้ำผึ้ง 800g.,"กระปุก, ชิ้น",,
"มะรุมปอก, มะรุมปลอก, peeled moringa",มะรุมปอก | Peeled Moringa,"กก, กรัม, Kg, g., kg, กิโล, กิโลกรัม, โล",,
"พริกแดงส้ม, พริกแกงส้ม",พริกแกงส้ม,"กก, กรัม, Kg, g., kg, กิโล, กิโลกรัม, โล",,
"ถุงขยะดำเล็ก, ถุงขยะดำเล็ก 18x24, ถุงขยะดำเล็ก 18*24",ถุงขยะดำเล็ก 18x24,แพ็ค,,
"พริกป่น 100g., พริกป่น 100 กรัม",พริกป่น 100g.,แพ็ค,,
บวบหอม,บวบหอม | Sponge Groud,"กก, กรัม, Kg, g., kg, กิโล, กิโลกรัม, โล",,
บะหมี่หยก,บะหมี่หยก,แพ็ค,,
"มรกต น้ำมันพืชปิ๊บ, น้ำมันพืชมรกต,ปิ๊บ น้ำมันปาล์มมรกต ปิ๊บ",มรกต น้ำมันปาล์ม ปิ๊บ 18 ล.,ปิ๊บ,,
"137 ดีกรี, อัลมอนออริจิ, 137",137 ดีกรีอัลมอนออริจิ 1000ml.,"กล่อง, ชิ้น",,
ปลาร้าตัว,ปลาร้า ตัว,"กก, กรัม, Kg, g., kg, กิโล, กิโลกรัม, โล, ถุง",,
น้ำมันงาจีน ตรามังกรคู่,น้ำมันงาจีน ตรามังกรคู่,"ขวด, ชิ้น",,
"ช้อนสั้น, ช้อนพลาสติกเล็ก",ช้อนสั้น พลาสติกสีขาวขุ่น,แพ็ค,,
หมวกคลุมผมตัวหนอน,หมวกคลุมผมตัวหนอน,แพ็ค,,
ปลาช่อน,ปลาช่อน | Snakehead Fish,"กก, กรัม, Kg, g., kg, กิโล, กิโลกรัม, โล, ถุง",,
น้ำมันรำข้าวคิง 5L,น้ำมันรำข้าว ตราคิงส์ 5L.,"แกลลอน, ขวด",,
"ชุดเครื่องยำ, ชุดต้มยำ, ชุดเครื่องต้มยำ",ชุดเครื่องต้มยำ ข่า ตะไคร้ ใบมะกรูด,"ชุด, อัน, กำ",,
"MONT CLAIR White Celebration 3L., ไวน์ขาว, white wine, ไวท์ไวน์",MONT CLAIR White Celebration 3L.,"กล่อง, อัน, ชิ้น",,
ซอสหอยนางรม ตราแม่ครัว 4.5L.,ซอสหอยนางรม ตราแม่ครัว 4.5L.,"แกลลอน, ขวด",,
"อโวคาโดพื้นเมือง, อโวคาโด 034, อโวคาโดพันธุ์ 034, 034, avocado 034, avo 034",อโวคาโดพื้นเมือง พันธุ์ 034 AVOCADO KG.,"กก, กรัม, Kg, g., kg, กิโล, กิโลกรัม, โล",,
เนื้อหมูป่า 3 ชั้น หั่น,เนื้อหมูป่า 3 ชั้น หั่นชิ้น,"กก, กรัม, Kg, g., kg, กิโล, กิโลกรัม, โล",,
"ทไวนิงส์, ทไวนิ้ง, ชาเอิร์ลเกร์ย, ทไวนิงส์ ชาเอิร์ลเกรย์, ชาเอิร์ลเกร, twining, twg earlgray",ทไวนิงส์ ชาเอิร์ลเกรย์ 2g. x 25,"กล่อง, อัน, ชิ้น",,
ถุวมือยางสีดำ ไซซ์ S,ถุงมือยาง สีดำ S,"กล่อง, อัน, ชิ้น",,
"ไส้กรอกแดง, ใส้กรอกแดง, ใส้กรอกแหลมทอง, ไส้กรอกแหลมทอง, ไส้กรอกแดงแหลมทอง",ไส้กรอกแดงไก่ ตราแหลมทอง,"แพ็ค, ชิ้น",,
"ARO กระดาษรองอาหาร 6x8, กระดาษรองอาหาร 6x8",ARO กระดาษรองอาหาร 6x8 500 ใบ,"แพ็ค, ชิ้น, อัน",,
"โกโก้ริช, โกโก้ริช ผงโกโก้, ผงโกโก้ สีเข้ม, ผงโกโก้ โกโก้ริช ",โกโก้ริช ผงโกโก้ สีเข้ม 450g.,"แพ็ค, ชิ้น, อัน, กล่อง",,
"Whipping cream anchor, ANCHOR Whipping Cream, anchor whipping cream, anchor วิปปิ้งครีม",ANCHOR Whipping Cream 1L.,กล่อง,,
"Cooking Cream anchor, ANCHOR Cooking Cream, anchor Cooking Cream , anchor คุกกิ้งครีม",ANCHOR Cooking Cream 1L.,กล่อง,,
"มาจิกคลีนแบบถุง, น้ำยาถูพื้นมาจิคลีนแบบถุง, น้ำยาถูพื้นมาจิกคลีนแบบถุง",MAGICLEAN แดชลิ่ง แบบถุงเติมรีฟิล 700ml.,"แพ็ค, ถุง",,
แป้งเค้ก,แป้งเค้ก ตราพัดโบก 1kg.,"แพ็ค, ถุง, กก, กรัม, Kg, g., kg, ถุง, กิโล, กิโลกรัม, โล",,
น้ำตาลทรายเบเกอร์รี่ ลิน,น้ำตาลทรายเบเกอร์รี่ ตราลิน 1kg.,"แพ็ค, ถุง",,
"แป้งข้าวโพด ตราคนอร์, แป้งข้าวโพด คนอร์",แป้งข้าวโพด ตราคนอร์ 700g.,"แพ็ค, ถุง, กก, กรัม, Kg, g., kg, ถุง, กิโล, กิโลกรัม, โล",,
ไส้ใหญ่ลวก,ไส้ใหญ่ลวก,"กก, กรัม, Kg, g., kg, กิโล, กิโลกรัม, โล",,
"กุ้งแก้ว, กุ้งเด้ง",กุ้งแก้ว,"กก, กรัม, Kg, g., kg, ถุง, กิโล, กิโลกรัม, โล",,
ลูกชิ้นเนื้อ,ลูกชิ้นเนื้อ,"กก, กรัม, Kg, g., kg, ถุง, กิโล, กิโลกรัม, โล",,
"เล้ง, กระดูกเล้ง, เล้งกระดูก",กระดูกเล้ง,"กก, กรัม, Kg, g., kg, กิโล, กิโลกรัม, โล",,
เต้าหู้พวง,เต้าหู้พวง,"กก, กรัม, Kg, g., kg, พวง, กิโล, กิโลกรัม, โล",,
"ถั่วงอกเด็ดหัวเด็ดหาง, ถั่วงอกเด็ดหัวเด็ดราก",ถั่วงอกเด็ดหัวเด็ดหาง | HEADLESS BEAN SPROUTS,"กก, กรัม, Kg, g., kg, ถุง, กิโล, กิโลกรัม, โล",,
"กล่องอาหาร, กล่องชามอ้อย",กล่องชามอ้อย 600 มล. 50x1 pack,แพ็ค,,
ดอกเกลือ,ดอกเกลือ,"กก, กรัม, Kg, g., kg, ถุง, กิโล, กิโลกรัม, โล",,
"สก๊อตไบรท์ แบบหนา, โพลีไบรท์ แบบหนา",โพลี-ไบรท์ ใยขัดอเนกประสงค์ แบบหนา,แพ็ค,,โพลี-ไบรท์ ใยขัดอเนกประสงค์ แบบหนา
"มะเขือเทศราชินีช็อกโกแลต, มะเขือเทศราชินีสีน้ำตาล",มะเขือเทศราชินีช็อกโกแลต,"กก, กรัม, Kg, g., kg, กิโล, กิโลกรัม, โล",,
"ปลาดอลลี่, เนื้อปลาดอลลี่แช่แข็ง, ปลาดอลลี่แช่แข็ง, ปลาดอลลี่แช่แข็งหั่นชิ้น",ปลาดอลลี่ (หั่นชิ้น) แช่แข็ง FROZEN DORY CUBE,"กก, กรัม, Kg, g., kg,แพค,แพ็ค",,
"ตีนไก่, chicken feet",ตีนไก่ CHICKEN FEET,"กก, กรัม, Kg, g., kg, กิโล, กิโลกรัม, โล",,
"เลือดเป็ด, duck blood",เลือดเป็ด | DUCK BLOOD,"กก, กรัม, Kg, g., kg, ก้อน",,
"เลือดไก่, chicken blood",เลือดไก่ | CHICKEN BLOOD,"กก, กรัม, Kg, g., kg, ก้อน",,
"กระดูกอ่อน, กระดูกอ่อนหมู, pork soft ribs",กระดูกอ่อนหมู Pork Soft Ribs,"กก, กรัม, Kg, g., kg, กิโล, กิโลกรัม, โล",,
ปลาทูนึ่ง ,ปลาทูนึ่ง | Steamed Indo-Pacific mackerel,"กก, กรัม, Kg, g., kg, ตัว, เข่ง",,
ปลาทูสด,ปลาทูสด | Fresh Indo-Pacific mackerel,"กก, กรัม, Kg, g., kg, ตัว, เข่ง",,
"ปีกไก่ส่วนล่าง, ปีกไก่ล่าง, ปีกล่าง",ปีกไก่ส่วนล่าง,"กก, กรัม, Kg, g., kg, ชิ้น",,
ผักกาดดอง,ผักกาดดอง,"กก, กรัม, Kg, g., kg, กิโล, กิโลกรัม, โล",,
"strawberry usa pack 8, สตอเบอร์รี่ usa pack 8",สตอเบอร์รี่ | STRAWBERRY USA Pack 8 (454g.),แพ็ค,,
"คากิ, คากิหมู",คากิหมู,"กก, กรัม, Kg, g., kg, กิโล, กิโลกรัม, โล",,
ใบย่านาง,ใบย่านาง,"กก, กรัม, Kg, g., kg, กิโล, กิโลกรัม, โล",,
รสดีหมู,รสดี ผงปรุง รสหมู 400g.,แพ็ค,,
"เมจิ นมผสมสำหรับชงเครื่องดื่ม(กล่องแดง), เมจิ นมผสมสำหรับชงเครื่องดื่ม",ซีพี-เมจิ มิกซ์มิลค์ สำหรับกาแฟและเครื่องดื่ม 946ml.,กล่อง,,
"ถุงบีบเนย, ถุงบีบครีม, ถุงบีบครีม ไซส์ L",ถุงบีบครีม ไซส์ L,แพ็ค,,
"สะโพกไก่กลาง, สะโพกไก่",สะโพกไก่ | Chicken Thigh,"กก, กรัม, Kg, g., kg, กิโล, กิโลกรัม, โล",,
"น่องติดสะโพก, น่องไก่ติดสะโพก",น่องไก่ติดสะโพก | Whole Chicken Leg,"กก, กรัม, Kg, g., kg, กิโล, กิโลกรัม, โล",,
น้ำตาลกรวด,น้ำตาลกรวด,"กก, กรัม, Kg, g., kg, กิโล, กิโลกรัม, โล",,
"เกร็ดขนมปัง ฟาร์มเฮ้าส์, เกล็ดขนมปัง ฟาร์มเฮ้าส์",ฟาร์มเฮ้าส์ เกล็ดขนมปัง 1kg.,"แพ็ค, ถุง, ห่อ",,
"ชาไทยตรามือถุงสีแดง, ชาตรามือถุงสีแดง",ชาตรามือ ชาผงปรุงสำเร็จ ฉลากแดง 400 ก.,"แพ็ค, ถุง, ห่อ",,
"คริสโป มะกอกเขียวไม่มีเมล็ด 333g., คริสโป มะกอกเขียวไม่มีเมล็ด",คริสโป มะกอกเขียวไม่มีเมล็ด 333g.,กระปุก,,
น้ำยาซักผ้าไฮยีน,ไฮยีน เอ็กซ์เพิร์ทวอช น้ำยาซักผ้า มิลกี้ทัช 1.4 ล.,"แพ็ค, ถุง, ห่อ",,
"Plastic wrap. 30ซม., Plastic wrap. 30cm., ฟิล์มยืดหุ้มอาหาร 30 ซม.",เอโร่ ฟิล์มยืดห่อหุ้มอาหาร 12 นิ้ว กว้าง 30 ซม.x ยาว 500 ม.,ม้วน,,
"นมจืดเอ็มมิลค์, นมจืดพาสเจอร์ไรส์ ตราเอ็มมิลค์ 2L.",นมจืดพาสเจอร์ไรส์ ตราเอ็มมิลค์ 2L.,แกลลอน,,
"สาหร่ายวากาเมะ, วากาแมะ",สาหร่ายวากาเมะ,"แพ็ค, ถุง, ห่อ, กก, กรัม, Kg, g., kg, กิโล, กิโลกรัม, โล",,
ปลาดุก,ปลาดุก Catfish,"กก, กรัม, Kg, g., kg, กิโล, กิโลกรัม, โล",,
สันนอกหมูแท่ง,สันนอกหมูแท่ง,"กก, กรัม, Kg, g., kg, กิโล, กิโลกรัม, โล",,
หน่อไม้ดอง,หน่อไม้ดอง,"กก, กรัม, Kg, g., kg, กิโล, กิโลกรัม, โล",,
"ซีอิ้วขาวฉลากเหลือง ตราเด็กสมบูรณ์, ซีอิ้วขาวฉลากเหลือง, ซีอิ้วขาวสูตร 1",ซีอิ้วขาวฉลากเหลือง ตราเด็กสมบูรณ์,แกลลอน,,
"เบบี้สวิสชาร์ด, Baby Swiss Chard, baby swiss chard ",เบบี้สวิสชาร์ด | Baby Swiss Chard,"กก, กรัม, Kg, g., kg, กิโล, กิโลกรัม, โล",,
"Red Veined Sorrel, Red sorrel, ซอเรลแดง, เรดซอเรล",ซอเรลแดง | Red Veined Sorrel,"กก, กรัม, Kg, g., kg, กิโล, กิโลกรัม, โล",,
"กะปิ ตราชั่ง 400g., กะปิตราชั่ง",กะปิ ตราชั่ง 400g.,กระปุก,,
เส้นCalamarata,ดิเชคโค พาสต้ากลวงมีลายเส้นสั้น #129,"แพ็ค, ถุง, ห่อ",,
"ปลากระป๋องสามแม่ครัว, ปลากระป๋อง, สามแม่ครัวปลากระป๋อง",ปลากระป๋องสามแม่ครัว,"แพ็ค, กระป๋อง",,
มาลี โคโค่ น้ำมะพร้าว,มาลี โคโค่ น้ำมะพร้าวน้ำหอม 100% 1L.,"แพ็ค, กล่อง",,
อะลูมิเนียมฟอยขนาด90×45,เอโร่ อลูมิเนียมฟอยล์ พร้อมที่ตัด 45 ซม. 90 ม.,"แพ็ค, กล่อง ,ม้วน",,
"ฟิล์มยืดหุ้มห่ออาหาร 45ซม, Plastic wrap45cm, ฟิล์มยืดหุ้มห่ออาหาร 18 นิ้ว",เอโร่ ฟิล์มยืดหุ้มห่ออาหาร 18 นิ้ว 45ซม x ยาว 500 ม.,"แพ็ค, ชิ้น ,ม้วน",,
กล่องกระดาษ 600ml,กล่องชามอ้อย 600 มล. 50x1 pack,แพ็ค,,
รสดีไก่,รสดี ผงปรุงรส รสไก่ 400g.,แพ็ค,,
"เงาะ, เงาะสด",เงาะสด FRESH RAMBUTAN,"กก, กรัม, Kg, g., kg, กิโล, กิโลกรัม, โล",,
"ฟองน้ำล้างจาน ยี่ห้อ 3M, สก๊อตไบต์ยี่ห้อ 3M",สก๊อตช์ไบรต์ แผ่นใยขัดพร้อมฟองน้ำ ขนาด 3x4 3M,"แพ็ค, ชิ้น ",,
เส้น Chifferi rigati 500g. ,เส้นพาสต้า Agnesi Chifferi Rigati 500g.,แพ็ค,,
พริกไทยเม็ดขาว,พริกไทยเม็ดขาว 500g.,แพ็ค,,
"กระดาษรองทอดซับมัน 8x8 นิ้ว, 
กระดาษซับน้ำมันของทอด 8x8",กระดาษรองทอดซับมัน 8x8 นิ้ว,แพ็ค,,
เส้นแก้ว,เส้นแก้ว ตราธะนา 1kg./pack,"แพ็ค, ถุง",,
"น้ำดื่ม, น้ำทิพย์",น้ำทิพย์ 550ml.x12,แพ็ค,,
"น้ำยาถูพื้นแกลลอน, น้ำยาถูพื้น, มาจิคลีนน้ำยาถูพื้นชมพู แกลลอน, มาจิคลีนน้ำยาถูพื้นสีชมพู, น้ำยาถูพื้นมาจิคลีนขวดใหญ่, น้ำยาถูพื้นมาจิคลีนขวดใหญ่สีชมพู",มาจิคลีน น้ำยาถูพื้นสีชมพู 5000ml.,แกลลอน,,
พริกแกงเขียวหวาน,พริกแกงเขียวหวาน,"กก, กรัม, Kg, g., kg, กิโล, กิโลกรัม, โล",,
"พริกไทยขาวป่น, พริกไทขาวป่น",พริกไทยขาวป่นแท้ ไร่ทิพย์ 500 g.,แพ็ค,,
"ผงฟู, ผงฟูแม็กกาแรต",ผงฟูแม็กกาแรต (McGarrett) สูตรดับเบิลแอคชั่น ขนาด 300 กรัม,แพ็ค,,
พริกป่นคั่วน้ำมัน,พริกป่นคั่วน้ำมัน,"แพ็ค, ถุง",,
"ตับไก่สด, chicken liver",ตับไก่สด | Chicken Liver,"กก, กรัม, Kg, g., kg, กิโล, กิโลกรัม, โล",,
"ตับหมูสไลด์, pork liver sliced, ตับหมูสไล",ตับหมูสไลด์ | Pork Liver Sliced,"กก, กรัม, Kg, g., kg, กิโล, กิโลกรัม, โล",,
นมเมจิ5ลิตร,นมเมจิสดรสจืด MEIJI MILK PLAIN 5L.,แกลลอน,,
นมข้นจืดแบบถุง,นมข้นจืด (ไข่เจียว) ตราคาร์เนชั่น ขนาด 1000g.,"แพ็ค, ถุง",,
เครื่องในไก่ ,เครื่องในไก่ | Chicken Giblet,"กก, กรัม, Kg, g., kg, กิโล, กิโลกรัม, โล",,
แบะแซ ,แบะแซ | Glucose Syrup,"แพ็ค, ลัง, กก, กรัม, Kg, g., kg, กิโล, กิโลกรัม, โล",,
แป้งมันสำปะหลัง ,แป้งมันสำปะหลัง TAPIOGA STARCH,"แพ็ค, ถุง",,
โค้กซีโร่,โค้กซีโร่กระป๋อง 325ml. X6,แพ็ค,,